Customer,Country/Region Key,Name 1,City,Region
1,IN,State Bank of India,Kolkata,71
1000000,IN,Dudwa Power Industries,Patna,10
1000001,IN,Airports Authority Of India,Kolkata,19
1000002,IN,Greenco Systems Private Limited,Bhubaneswar,21
1000003,IN,Bharat Agro,Hazaribagh,20
1000004,IN,West Bengal State Electricity,Kolkata,19
1000005,IN,Indian Metals & Ferro All,Therubali,21
1000006,IN,Websol Energy Systems Limited,Falta,70
1000007,IN,Sundigo Solar Solutions,Kolkata,19
1000008,IN,Prostar M Info System Limited,Kolkata,19
1000009,IN,Lits N Lights,Shillong,17
1000010,IN,Infisol Energy Llp,Aurangabad,27
1000011,IN,Sikco Engineering Services,Navi Mumbai,27
1000012,IN,S.R. Enterprise,Kolkata,19
1000013,IN,Mittal Machines Private Limited,Dehradun,05
1000014,IN,Amp Solar India Private Limited,Delhi,07
1000015,IN,Kashyap Infraprojects Private Limit,Surat,24
1000016,IN,Panchatara Industries Private Limit,Kolhpaur,27
1000017,IN,Eco Global Sales Corp,Batala,03
1000018,IN,Azure Power India Private Limited,Delhi,09
1000019,IN,Star Corporation,Gurgaon,06
1000020,IN,Medas Automation,Kolkata,19
1000021,IN,Pae Renewables Private Limited (Vas,Navi Mumbai,27
1000022,IN,Best Auto Deal Company,Pune,27
1000023,IN,Nittito Exim India Limited,AURANGABAD,27
1000024,IN,Prakash Constrowell Limited,Nashik,27
1000025,IN,Shailja Comemrcial Trade Frenzy Lim,Malad West,27
1000026,IN,Divvy Solar Power And Solutions Pri,Hissar,06
1000027,IN,Ultra Solutions,Ludhiana,03
1000028,IN,Ecobrand Enterprises,Nagpur,27
1000029,IN,Mahindra Susten Private Limited,Mumbai,27
1000030,IN,J.S. Solartech India Private Limite,Rewari,06
1000031,IN,Agni Power And Electronics Private,Kolkata,19
1000032,IN,Boundless Environment Resource Solu,New Delhi,07
1000033,IN,Solarplus,Nagpur,27
1000034,IN,Sunrays Nirmal Power Energy Llp,New Delhi,07
1000035,IN,Novus Green Energy Systems Limited,Mangalagiri,37
1000036,IN,J.S.Solartech India Private Limited,Jalandhar,03
1000037,IN,Sterling & Wilson Solar Private Lim,Mumbai,27
1000038,IN,A.A.Enterprises,Panchkula,06
1000039,IN,Azure Power Rooftop Private Limited,New Delhi,07
1000040,IN,Azure Power Rooftop Private Limited,Indore,23
1000041,IN,Azure Power Rooftop Private Limited,Gautam Buddha Nagar,09
1000042,IN,Power Engineering,CHAS,20
1000043,IN,Azure Power Rooftop Private Limited,Naguar,27
1000044,IN,Azure Power Rooftop Private Limited,Hyderabad,36
1000045,IN,Azure Power Rooftop Private Limited,Kollam,32
1000046,IN,Azure Power Rooftop Private Limited,Kurnool,37
1000047,IN,Azure Power Rooftop Private Limited,Bettiah,10
1000048,IN,Azure Power Rooftop Private Limited,Bangalore,29
1000049,IN,Azure Power Rooftop Private Limited,Raipur,22
1000050,IN,Azure Power Rooftop Private Limited,Faridabad,06
1000051,IN,Azure Power Rooftop Private Limited,Chennai,33
1000052,IN,Hygrid Solar Private Limited,Delhi,07
1000053,IN,Hild Energy Private Limited,Chennai,33
1000054,IN,Hygrid Solar Private Limited,Ludhiana,03
1000055,IN,Hygrid Solar Private Limited,Kolkata,19
1000056,IN,Sri Shivalinga Enterprises,Devadurga,29
1000057,IN,Solution4U,Kharar,03
1000058,IN,Sri Vinayaka Heat Carbo,Bengaluru,29
1000059,IN,Sun Plus,Calicut,32
1000060,IN,Sun Power Systems,Ghaziabad,09
1000061,IN,Renutron,Kolhapur,27
1000062,IN,Pavanasuta Renewable Energy Private,Hyderabad,36
1000063,IN,Pavanasuta Renewable Energy Private,Nellore,37
1000064,IN,Hinren Technologies Private Limited,Banglore,29
1000065,IN,Benignant Power Private Limited,Sambalpur,21
1000066,IN,Sigma Power Tech Private Limited,New Delhi,07
1000067,IN,Tafe Motors And Tractors Limited,Alwar,08
1000068,IN,Ahinsa Solar,Jaipur,08
1000069,IN,Sgs Electronics,Mannargudi,33
1000070,IN,Maximal Energy Private Limited,Krishna,33
1000071,IN,Sanctum Networks Private Limited,Bangalore,29
1000072,IN,Star India Solar Energy,Krishna,29
1000073,IN,Global Vision Techengineering Priva,New Delhi,07
1000074,IN,Sologix Energy Private Limited,Ramgarh,21
1000075,IN,Ray Energy Solutions,Mysore,29
1000076,IN,Rajasthan Solar Energy System,Sriganganagar,08
1000077,IN,Schneider Electric Solar India Priv,Gautam Buddha Nagar,09
1000078,IN,Sunlight Solar Energy,Dhanbad,20
1000079,IN,Kerala State Electronics Developmen,Koyilandy,32
1000080,IN,Rotate Lifestyles Private Limited,MUMBAI,27
1000081,IN,Axis Power,Kozhikode,32
1000082,IN,Standard Smelters,Amritsar,03
1000083,IN,Arsiga Konics Private Limited,Ghaziabad,09
1000084,IN,Whole Solar Private Limited,Jaipur,08
1000085,IN,Kunal Structure (India) Private Lim,Kharagpur,19
1000086,IN,Gnr Power Private Limited,Chennai,33
1000087,IN,Gm Solar Systems,Guntur,37
1000088,IN,Better Power Services Private Limit,Guwahati,18
1000089,IN,Nogginhaus Energy India Limited,Lucknow,09
1000090,IN,Surya International,Rohatas,10
1000091,IN,Sukhbir Agro Energy Limited,Lalitpur,09
1000092,IN,Micro Electronics,Gautam Buddha Nagar,09
1000093,IN,Alekos Technologies India Private,Kolkata,19
1000094,IN,Vijay Printing Press Private Limite,Sangrur,03
1000095,IN,Canal Solar Energy Private Limited,Fatehgarh Sahib,03
1000096,IN,Addwatt Power Solutions Private Lim,Noida,09
1000097,IN,Mass Power Controls Chennai Private,Chennai,33
1000098,IN,Ram And Shyam Technologies India Pr,Vishakapatnam,37
1000099,IN,Mihit Solar Energies,Hyderabad,36
1000100,IN,Malwa Scrap Traders,Indore,23
1000101,IN,Pramievaidian Power Private Limited,Bangalore,29
1000102,IN,Madhav Enterprise,Vadodara,24
1000103,IN,Zunroof Tech Private Limited,Gurgaon,06
1000104,IN,Habibi Noor Scrap,Kolkata,19
1000105,IN,Taikisha Engineering India Pvt. Ltd,Visakhapatnam,37
1000106,IN,Bps Kiran Solar Solution,Faridabad,06
1000107,IN,Astefra Business Private Limited,PATNA,10
1000108,IN,Vigor Solar Energy Private Limited,Chennai,33
1000109,IN,Ramakrishna Electricals,Kollegal,29
1000110,IN,Consurgo Engineering And Constructi,Visakhapatnam,37
1000111,IN,Sugatu Infra Private Limited,Vadodara,24
1000112,IN,Yashved Eco Solutions,Pune,27
1000113,IN,Pragati Electrocom Private Limited,Gurugram,06
1000114,IN,Claro Energy Private Limited,Pune,27
1000115,IN,Pae Renewables Private Limited,MUMBAI,27
1000116,IN,Auro Power System,Chennai,33
1000117,IN,Lakshmi Controls And Instruments,Bengaluru,29
1000118,IN,Koushith Solutions,Davanagere,29
1000119,IN,Pena Power Engg.&Automati,Bangalore,29
1000120,IN,Airports Authority Of India(Gondia),Gondia,27
1000121,IN,Indian Oil Corporation Limited,Paradip,21
1000122,IN,Sunfuel Technologies Llp,Sonipat,06
1000123,IN,Pioneer Jellice India Private Limit,Cuddalore,33
1000124,IN,APS Power System,Bengaluru,29
1000125,IN,Aarvee Energy,Tirupati,37
1000126,IN,NTPC Limited,Solapur,27
1000127,IN,Airport Authority Of India,Gaya,10
1000128,IN,Bsb Solar Power Private Limited,Mumbai,27
1000129,IN,Sark Sun Systems,Cherthala,32
1000130,IN,B.S. Abdur Rahman University,Chennai,33
1000131,IN,Oriana Solar System Llp,Pune,27
1000132,IN,Green Secure Energy Private Limited,Hyderabad,36
1000133,IN,Royal Eye Solar Power,Thissur,32
1000134,IN,Wattsun Energy India Private Limite,Trivandrum,32
1000135,IN,Transcend Solar Systems &,Chennai,33
1000136,IN,"Airports Authority Of India,Calicut",Calicut,32
1000137,IN,Freyr Energy Services Private Limit,Hyderabad,36
1000138,IN,Bharat Heavy Electricals,Bangalore,29
1000139,IN,Clean Max Enviro Energy Solutions,Bangalore,29
1000140,IN,Arrow Power Controls,Bangalore,29
1000141,IN,Solar Corona Energy Private Limited,Bangalore,29
1000142,IN,Green Power Technologies,Bangalore,29
1000143,IN,Ravindra Energy Limited,Belgaum,29
1000144,IN,Gigawatt Solar Private Limited,Hyderabad,36
1000145,IN,Capstone Electronics,Ernakulam,32
1000146,IN,Fourth Partner Energy Private Limit,Hyderabad,36
1000147,IN,GreenSol Renewable Power Private Li,Bangalore cityer,29
1000148,IN,Hivesolar Energy Private Limiteded,Kochi,32
1000149,IN,Madathil Marketing Compan,Kottayam,32
1000150,IN,Jas Ecoenergy Solutions I,Bangalore,29
1000151,IN,Argo Solar Private Limited,Hyderabad,36
1000152,IN,Innovative Renewable Energy Develop,Visakhapatnam,37
1000153,IN,Vulcan Energy Systems,Hyderabad,36
1000154,IN,Lijo Joseprakash,Kollam,32
1000155,IN,Rajdeep Energies Private Limited,Hyderabad,36
1000156,IN,Bosch Limited,Bangalore,29
1000157,IN,Dd Project Services Private Limited,Chennai,33
1000158,IN,Siret Solar Private Limited,Angamaly,32
1000159,IN,Exsun Power Infrastructure Private,Thodupuzha,32
1000160,IN,Euphoria Green Technologies,Chennai,33
1000161,IN,Balark Solar Private Limited,Bangalore,29
1000162,IN,Thirumathi .T. Navasakthi Prop Ener,Vaiyampatty,33
1000163,IN,Dd Power,Chennai,33
1000164,IN,Shankheshwar Energies,RAIPUR,23
1000165,IN,Lnv Technology Private Limited,Chennai,33
1000166,IN,NS Technical Services,Pune,27
1000167,IN,Shiva Solar Enterprise,Bariupur,19
1000168,IN,Modern Solar Private Limited,Falta,19
1000169,IN,Abellon Clean Energy Ltd.,Ahmedabad,24
1000170,IN,Gaurav Traders,Pune,27
1000171,IN,Switching Avo Electro,Kolkata,19
1000172,IN,Maven Tech,Pune,27
1000173,IN,Punam Energy Private Limited,Kolkata,19
1000174,IN,Suncraft Energy Private Limited,Kolkata,19
1000175,IN,P & V Eastern Engineers,Aizawl,15
1000176,IN,Vitronics Controls,Pune,27
1000177,IN,Jakson Power Private Limited,"Bap,Rajasthan",08
1000178,IN,Avi Appliances Pvt Ltd,Ahmedabad,24
1000179,IN,Aanchal Solar System,Tarn Taran,03
1000180,IN,Asun Solar Power Private,New Delhi,07
1000181,IN,Starfield Renewables Private Limite,Agra,09
1000182,IN,Rockland Industries Private Limited,Visakhapatnam,37
1000183,IN,Ujaas Energy Limited,Indore,23
1000184,IN,Greenfirst Power Ventures Private,Jaipur,08
1000185,IN,B D Khanna Estates Private Limited,New Delhi,07
1000186,IN,Equinox Solar Private Limited,Rajkot,24
1000187,IN,Sun Astra Energy Solutions Private,Panchkula,06
1000188,IN,Renewable Energy Services,Panipat,06
1000189,IN,Rajasthan Electrnics & In,Jaipur,08
1000190,IN,Naolin Infrastructure Private Limit,Pune,27
1000191,IN,Networth Projects Private Limited,Gurgaon,06
1000192,IN,Statcon Energiaa Private Limited,Hapur,09
1000193,IN,Sundigo Solar Solutions,Lucknow,09
1000194,IN,Diwakar Renewable & Infra Private,Jaipur,08
1000195,IN,Paawan Energy India Private Limited,Shikohabad,09
1000196,IN,Tracksun Solar Private Limited,Delhi,07
1000197,IN,Jupiter International Limited,Solan,02
1000198,IN,Solar Optimised Line Private Limite,New Delhi,07
1000199,IN,Photon Energytech Private Limited,Nashik,27
1000200,IN,Indian Solar City,Jaipur,08
1000201,IN,Issg Advisory & Investigations Priv,Navi Mumbai,27
1000202,IN,Ab-Hi Solar Private Limited,Sonepat,06
1000203,IN,Arya Electric Company,Jind,06
1000204,IN,R.M Power Solutions,Ghaziabad,09
1000205,IN,Hygrid Solar,Delhi,07
1000206,IN,Photovoltaic Solar,Anand,24
1000207,IN,Clean Max Enviro Energy Solutions,Delhi,07
1000208,IN,Om Vidyut Infratechllp,Ghaziabad,09
1000209,IN,Bisha Developers Private Limited,Delhi,07
1000210,IN,Gujarat Industries Power,Vadodara,24
1000211,IN,Ntpc Limited.,Anta,08
1000212,IN,West Bengal State Electricity,Kolkata,19
1000213,IN,NTPC Limited,Mandsaur,23
1000214,IN,Oil and Natural Gas Corporation Lim,Surat,24
1000215,IN,Clean Solar Power (Tumkur) Private,Banglore,29
1000216,IN,NTPC Limited,Bangalore,29
1000217,IN,Welways Engineers India,Jalandhar,03
1000218,IN,Bharat Dynamics Limited,Hyderabad,36
1000219,IN,Balasore Alloys Limited,Balasore,21
1000220,IN,Oil and Natural Gas Company Limited,Ankleshwar,24
1000221,IN,Andhra Pradesh Power Generation,Anatapuram,37
1000222,IN,Indian Oil Corporation Limited,New Delhi,07
1000223,IN,J. N. Ispat Udyog,Howrah,19
1000224,IN,West Bengal Green Energy,Kolkata,19
1000225,IN,Iic Limited,Bhopal,23
1000226,IN,Airport Authority of India,Gaya,10
1000227,IN,Taikisha Engineering Indi,Noida,09
1000228,IN,Swadved Agro Private Limi,Newasa,27
1000229,IN,Anmol Biscuits Limited,Bhubaneshwar,21
1000230,IN,Denso Haryana Private Limited,Gurgaon,06
1000231,IN,Indian Metals & Ferro All,Therubali,21
1000232,IN,B.R.Agarwal Charitable Tr,Pune,27
1000233,IN,B.R. Agarwal Charitable T,Pune,27
1000234,IN,Pachisia Plastics Private Limited,Ramnagara,29
1000235,IN,Premier Irrigation Adrite,Kolkata,19
1000236,IN,Chattisgarh Investments Limited,Raipur,22
1000237,IN,The Bengal Rowing Club,Kolkata,19
1000238,IN,Indian Metals & Ferro Alloys Limite,Delhi,07
1000239,IN,Auckland International Li,Jagatdal,19
1000240,IN,Acharya Mahapragya Mahashraman Educ,Kolkata,19
1000241,IN,Kirloskar Brothers Limited,Kirloskarvadi,27
1000242,IN,Zee Litera Valley School,Bhiwani,06
1000243,IN,Century Plyboards (India),"Gummidipoondi,",33
1000244,IN,Vikramsarabhaispacecenter,TRIVANDRUM,32
1000245,IN,"Semiconductory Lab., Isro",CHANDIGARH,03
1000246,IN,"Isro-Sdsc,Shar",SHRIHARIKOTA,37
1000247,IN,NTPC Limited,Murshidabad,19
1000248,IN,National Remote Sensing A,Hyderabad,36
1000249,IN,Isropropulsion Complex-Ip,Kalakadu,33
1000250,IN,"Isro Satellite Center,Isa",Bangalore,29
1000251,IN,Isro-Lpsc Bangalore,Bangalore,29
1000252,IN,Space Application Center,Ahmedabad,24
1000253,IN,Subh Laxmi Cotton Private Limited,Nagaur,08
1000254,IN,Sl Nutritions Private Limited,Nagaur,08
1000255,IN,Sbi Patna,Patna,10
1000256,IN,Century Plyboards(India) Limited,Kolkata,19
1000257,IN,"Gun & Shell Factory,Cossi",Kolkata,19
1000258,IN,Krishak Bharati Cooperative Limited,Noida,09
1000259,IN,Wbpdcl,Kolkata,19
1000260,IN,Indian Oil Corporation Limited,Bikaner,08
1000261,IN,Indian Oil Corporation Limited,Jhunjhunu,08
1000262,IN,State Bank Of India,Kolkata,19
1000263,IN,Renewable Power System,Bharatpur,08
1000264,IN,"Iocl - Jharsuguda, 120 Kw",Bhubaneswar,21
1000265,IN,"Aai, Dibrugarh Airport -",Dibrugarh,18
1000266,IN,"Emami Infrastructure Limited,15 KW,",Kolkata,19
1000267,IN,Chowringhee Residency Private Limit,Kolkata,19
1000268,IN,Hindusthan Petroleum Corporation Li,Mumbai,27
1000269,IN,"Ntpc,Dadri",Gautam Budh Nagar,09
1000270,IN,IOCL-Khurda Road 80KWp,Khurda Rd,21
1000271,IN,IOCL Paradip,Paradip,21
1000272,IN,Hindustan Petrolium Corporation Lim,KORUKONDA,37
1000273,IN,Indian Oil Corporation Limited,Panipath,06
1000274,IN,Indian Oil Corporation Limited (Bok,Bokaro,20
1000275,IN,Hindustan petrolium Corporation Lim,Gorakhpur,09
1000276,IN,Hindustan Petrolium Corporation Lim,Unnao,09
1000277,IN,hindustan Petrolium Corporation Lim,Jind,06
1000278,IN,Hindustan Petrolium Corporation Lim,Hoshiyarpur,03
1000279,IN,Hindustan Petrolium Corporation Lim,Bhatinda,03
1000280,IN,"Airports Authority of India,Calicut",Calicut,32
1000281,IN,Hindustan Petrolium Corporation Lim,Bahadurgarh,06
1000282,IN,Hindustan Petrolium Corporation Lim,Sanghli,27
1000283,IN,Hindustan Petrolium Corporation Lim,Nagpur,27
1000284,IN,Hindustan Petrolium Corporation Lim,Chandarpur,27
1000285,IN,Hindustan Petrolium Corporation Lim,Alibag,27
1000286,IN,Hindustan Petrolium Corporation Lim,Nasik,27
1000287,IN,Hindustan Petrolium Corporation Lim,Solapur,27
1000288,IN,Hindustan Petrolium Corporation Lim,Goa,30
1000289,IN,Hindustan petrolium Corporation Lim,Bhopal,23
1000290,IN,Hindustan Petrolium Corporation Lim,Jabalpur,23
1000291,IN,Airports Authority Of India,Kolkata,19
1000292,IN,Hindustan Petrolium Corporation Lim,Indore,23
1000293,IN,Hindustan Petrolium Corporation Lim,Surat,24
1000294,IN,Hindustan Petrolium Corporation Lim,Gandhinagar,24
1000295,IN,Hindustan Petrolium Corporation Lim,Thiruvallur,33
1000296,IN,Hindustan Petrolium Corporation Lim,Jamshedpur,20
1000297,IN,Hindustan Petrolium Corporation Lim,Purnia,10
1000298,IN,Hindustan Petrolium Corporation Lim,Kolkata,19
1000299,IN,Hindustan Petrolium Corporation Lim,Raipur,22
1000300,IN,Hindustan Petrolium Corporation Lim,JATNI,21
1000301,IN,Hindustan Petrolium Corporation Lim,Hazaribag,20
1000302,IN,Spain Electronics,New Delhi,07
1000303,IN,Hindustan Petrolium Corporation Lim,Patna,10
1000304,IN,Hindustan Petrolium Corporation Lim,Kota,08
1000305,IN,Bhabha Atomic Research Centre,Trombay,27
1000306,IN,Century Plyboards (India) Limited,Kandla,24
1000307,IN,Aegis Business Limited,Kolkata,19
1000308,IN,Indian Oil Corporation Limited,Malda,19
1000309,IN,Indian Oil Corporation Ltd,Kolkata,19
1000310,IN,Parijat Industries India Pvt. Ltd.,Ambala,06
1000311,IN,Keventer Agro Limited,Kolkata,19
1000312,IN,Century Plyboards (India) Limited,Hoshiarpur,03
1000313,IN,Wbwridd,Bankura,19
1000314,IN,Advance Ventilation Private Limited,Kundli,06
1000315,IN,Vinayaka Bright Steels Private Limi,Nagpur,27
1000316,IN,UAL Industries Limited,Jhargram,19
1000317,IN,UAL Industries Limited,Bagnan,19
1000318,IN,Agarwal Choudhary and Associates,Dhanbad,20
1000319,IN,Taraloka Foundation,Gangtok,11
1000320,IN,Kunal Structure (India) Private Lim,Kharagpur,19
1000321,IN,Taikisha Engineering India Pvt. Ltd,Visakhapatnam,37
1000322,IN,Airports Authority of India(Gondia),Gondia,27
1000323,IN,NTPC Limited,Solapur,27
1000324,DE,EMS Plus Gmbh,Lingen,03
1000325,IE,Total Green Energy Limited,Tallaght,D
1000326,DE,Viessmann Pv + E-Systeme Gmbh,Allendorf (Eder),06
1000327,GR,Tesco Engineering S.A.,Marousi,06
1000328,DK,Klima Energi A/S,Egtved,005
1000329,EE,Au Energiateenus OU,Maakond,
1000330,GR,Inergion S.A,Marousi,06
1000331,US,On Force Solar,Bronx,NY
1000879,IN,Aanchal Solar System,Jalalabad,03
1000880,IN,Aanchal Solar System,Bhatinda,03
1000881,IN,Aanchal Solar System,Punjab,03
1000882,IN,Aanchal Solar System,Punjab,03
1000883,IN,Ab-Hi Solar Private Limited,Jind,06
1000884,IN,Agnigarbha Private Limited,Thane,27
1000885,IN,Agronova Technologies,Nashik,27
1000886,IN,Akhilesh,Gurgaon,06
1000887,IN,Alien Energy Private Limited,Delhi,07
1000888,IN,Altruist Technologies Private Limit,Shimla,02
1000889,IN,Dd Power,Acharapakkam,33
1000890,IN,Dd Project Services Private Limited,Theni,33
1000891,IN,Dd Project Services Private Limited,Ramnad,33
1000892,IN,Dd Project Services Private Limited,Sivagangai,33
1000893,IN,Dd Project Services Private Limited,Cuddalore,33
1000894,IN,Dd Project Services Private Limited,Thanjavur,33
1000895,IN,Dd Project Services Private Limited,Thiruvarur,33
1000896,IN,Dd Project Services Private Limited,Pudukkottai,33
1000897,IN,Dd Project Services Private Limited,Thiruvarur,33
1000898,IN,Dd Project Services Private Limited,Chennai,33
1000899,IN,Ampsolar Generation Private Limited,Hyderabad,36
1000900,IN,Dd Projects Service Pvt Ltd,Madurai,33
1000901,IN,Delhi Public School,Ghaziabad,09
1000902,IN,Dodla Dairy Limited,Chellur,29
1000903,IN,Dodla Dairy Limited,Chittoor,37
1000904,IN,Don Bosco University,Guwahati,18
1000905,IN,Eco Global Sales Corp.,Fatehgarh,03
1000906,IN,Equinox Solar Private Limited,Rajkot,24
1000907,IN,Equinox Solar Private Limited,Rajkot,24
1000908,IN,Equinox Solar Private Limited,Rajkot,24
1000909,IN,Equinox Solar Private Limited.,Rajkot,24
1000910,IN,Ampsolar Generation Private Limited,Hyderabad,36
1000911,IN,Equinox Solar Private Limited.,Jetpur,24
1000912,IN,Erode L.P.G Bottling Plan,Erode District,33
1000913,IN,Fourth Partner Energy Private Limit,Hyderbad,36
1000914,IN,Fourth Partner Energy Private Limit,Vishakhapatnam,37
1000915,IN,Fourth Partner Energy Private Limit,Narava,37
1000916,IN,Fourth Partner Energy Private Limit,Panchakula,06
1000917,IN,Fourth Partner Energy Private Limit,Hisar,06
1000918,IN,Fourth Partner Energy Private Limit,Karnal,06
1000919,IN,Fourth Partner Energy Private Limit,Karnal,06
1000920,IN,Fourth Partner Energy Private Limit,Pune,27
1000921,IN,Ampsolar Generation Private Limited,Hyderabad,36
1000922,IN,Fourth Partner Energy Private Limit,Navi Mumbai,27
1000923,IN,Fourth Partner Energy Private Limit,Mumbai,27
1000924,IN,Fourth Partner Energy Private Limit,Kurukshetra,06
1000925,IN,Fourth Partner Energy Private Limit,Rohtak,06
1000926,IN,Fourth Partner Energy Private Limit,Panchkula,06
1000927,IN,Fourth Partner Energy Private Limit,Nalhar,06
1000928,IN,Fourth Partner Energy Private Limit,Sonipat,06
1000929,IN,Fourth Partner Energy Private Limit,Bareilly,09
1000930,IN,Fourth Partner Energy Private Limit,Pune,27
1000931,IN,Fourth Partner Energy Private Limit,Nasik,27
1000932,IN,Ampsolar Generation Private Limited,Hyderabad,36
1000933,IN,Fourth Partner Energy Private Limit,Pune,27
1000934,IN,Fourth Partner Energy Private Limit,Gurgaon,06
1000935,IN,Fourth Partner Private Limited,Narava,37
1000936,IN,Fourth Partner Private Limited,Panchkula,06
1000937,IN,Fourth Partner Private Limited,Ramnagar (Kurukshetra),06
1000938,IN,Fourth Partner Private Limited,Kurukshetra,06
1000939,IN,Fourth Partner Private Limited,Palwal,06
1000940,IN,Fourth Partner Private Limited,Palwal,06
1000941,IN,Fourth Partner Private Limited,Rohtak,06
1000942,IN,Fourth Partner Private Limited,Jhajjar,06
1000943,IN,Ampsolar Generation Private Limited,Hyderabad,36
1000944,IN,Fourth Partner Private Limited,Jhajjar,06
1000945,IN,Fourth Partner Private Limited,Sonepat,06
1000946,IN,Fourth Partner Private Limited,Ambala,06
1000947,IN,Fourth Partner Private Limited,Yamuna Nagar,06
1000948,IN,Fourth Partner Private Limited,Yamuna Nagar,06
1000949,IN,Freyr Energy Services Private Limit,Warangal,36
1000950,IN,Freyr Energy Services Private Limit,Imphal,14
1000951,IN,Freyr Energy Services Private Limit,Imphal,14
1000952,IN,Freyr Energy Services Private Limit,Palia Kalan,09
1000953,IN,Freyr Energy Services Private Limit,Singtam,11
1000954,IN,Ampsolar Generation Private Limited,Hyderabad,36
1000955,IN,Gananjay Society,Pune,27
1000956,IN,Gigawatt Solar Private Limited,Hyderabad,36
1000957,IN,Gigawatt Solar Private Limited,Suryapet,36
1000958,IN,Gigawatt Solar Private Limited,Hyderabad,36
1000959,IN,Gigawatt Solar Private Limited,Shameerpet,36
1000960,IN,Greater Ludhiana Area Development,Ludhiana,03
1000961,IN,Green Power Technologies,Gorakhpur,09
1000962,IN,Green Secure Energy Private Limited,Hyderabad,36
1000963,IN,Green Secure Energy Private Limited,Telangana,36
1000964,IN,Green Secure Energy Private Limited,Guntur,37
1000965,IN,Ampsolar Generation Private Limited,Hyderabad,36
1000966,IN,Greenco Systems Private Limited,Podia,21
1000967,IN,Greenco Systems Private Limited,Nabarangpur,21
1000968,IN,Greenco Systems Private Limited,Sambalpur,21
1000969,IN,Greenco Systems Private Limited,Baloda Bazar,22
1000970,IN,Greenfirst Power Ventures,Varanasi,09
1000971,IN,Greenfirst Power Ventures,Jaipur,08
1000972,IN,Greenfirst Power Ventures,Kota,08
1000973,IN,Greenfirst Power Ventures Private L,Jaipur,08
1000974,IN,Greenfirst Power Ventures Private L,Jaipur,08
1000975,IN,Greenfirst Power Ventures Private L,Kota,08
1000976,IN,Ampsolar Generation Private Limited,Hyderabad,36
1000977,IN,Greensol Renewable Power,Gadag,29
1000978,IN,Gujarat Industries Power Company Li,Charanka,24
1000979,IN,Hcl Foundation,Hardoi,09
1000980,IN,Hindustan Coca-Cola Bever,Ahmedabad,24
1000981,IN,Hi-Tech Modern Residentia,Hyderabad,36
1000982,IN,Hivesolar Energy Private Limited,Trivandrum,32
1000983,IN,Hyderabad L.P.G.Bottling,Hyderabad,36
1000984,IN,Iic Limited,Indore,23
1000985,IN,Iic Limited,Jabalpur,23
1000986,IN,Iic Limited,Bhopal,23
1000987,IN,Ampsolar Generation Private Limited,Hyderabad,36
1000988,IN,Immortal Buildwell Privatelimited,Sonepat,06
1000989,IN,India Nippon Electricals,Rewari,06
1000990,IN,Indial Oil Corporation Limited,Delhi,07
1000991,IN,Indian Metals & Ferro All,Delhi,07
1000992,IN,Indian Nippon Electricals,Puducherry,34
1000993,IN,Indian Oil Corporation Limited,Delhi,07
1000994,IN,Indian Oil Corporation Limited,Punjab,03
1000995,IN,Indian Oil Corporation Limited (Coc,Narayanpur,19
1000996,IN,Indian Oil Corporation Limited (Ioc,Najibabad,09
1000997,IN,Indian Oil Corporation Ltd,Roorkee,05
1000998,IN,Ampsolar Generation Private Limited,Hyderabad,36
1000999,IN,Indian Oil Corporation Ltd,Nainital,05
1001000,IN,Indian Potash Limited,Muzaffarnagar,09
1001001,IN,Indian Solar City,Jodhpur,08
1001002,IN,Indian Solar City,Alwar,08
1001003,IN,Innovative Renewable Ener,Rajahmundry,37
1001004,IN,Innovative Renewable Ener,Visakhapatnam,37
1001005,IN,Innovative Renewable Energy Develop,Makavarapalem,37
1001006,IN,Institute Of Quality Of E,Rajkot,24
1001007,IN,Jai Vaishnavi Agency,Bokaro,20
1001008,IN,Jignesh Patel,MUMBAI,27
1001009,IN,Ampsolar Projects Private Limited,Kharagpur,19
1001010,IN,Kamal Cogent Energy Private Limited,Jaipur,08
1001011,IN,Kanpur Plastipack Limited,Kanpur,09
1001012,IN,Kashyap Infraprojects Private Limit,Surat,24
1001013,IN,Kathiya Mandir,Ayodhya,09
1001014,IN,Kerala State Electricity Board Limi,Thiruvananthapuram,32
1001015,IN,Khosla Medical Institute,Delhi,07
1001016,IN,Kissan Hatcheries,Gorakhpur,09
1001017,IN,Kripal Sagar Academy,Punjab,03
1001018,IN,Krishna Institute Of Medi,Satara,27
1001019,IN,Lijo Joseprakash,Manjeri,32
1001020,IN,Ampsolar Ventures Private Limited,Kerala,32
1001021,IN,Lijo Joseprakash,Kaduthurthy,32
1001022,IN,Lincoln Electric Company,Kancheepuram,33
1001023,IN,Luxsoli Technologies Pvt Ltd,Valsad,24
1001024,IN,Madathil Marketing Company,Kaduthuruthy,32
1001025,IN,Mahatma Gandhi University,Jaipur,08
1001026,IN,Mahindra Susten Private Limited,Mumbai,27
1001027,IN,Manipur Renewable Energy,Imphal West,14
1001028,IN,Manu Vatika Day Boarding School,Punjab,03
1001029,IN,Medas Automation,Jalpaiguri,19
1001030,IN,Mewar Institute,Ghaziabad,09
1001031,IN,Amrutvahini College Of En,Sangamner,27
1001032,IN,Mittal Machines Private Limited,Pauri,05
1001033,IN,Mittal Machines Private Limited,Gurugram,06
1001034,IN,Mittal Machines Private Limited,Meerut,09
1001035,IN,Mittal Machines Private Limited,Haridwar,05
1001036,IN,Mittal Machines Private Limited,Dehradun,05
1001037,IN,Mittal Machines Private Limited,Karnal,06
1001038,IN,Montage Limitedaboratory Private Li,Sabarkantha,24
1001039,IN,Mr. Anthony Thoppil,Ernakulam,32
1001040,IN,Mr. Anuranjan Shukla,Jaipur,08
1001041,IN,Mr.Ashish Kumar Verma,Greater Noida,09
1001042,IN,Annai Medical Center,Kallakurichi,33
1001043,IN,Mr.Ekans Sharma,Noida,09
1001044,IN,Mr.Ekansh Sharma,Gurgaon,06
1001045,IN,Mr.Ekansh Sharma,"Gurugram,",06
1001046,IN,Mr.Man Singh,Bijnor,09
1001047,IN,Mr.Pardeep Saxena,Ghaziabad,09
1001048,IN,Mr.Rakesh Singh,Varanasi,09
1001049,IN,Mr.Sandeep,Jaipur,08
1001050,IN,Networth Projects Private Limited,New Delhi,07
1001051,IN,Nirmal Bot Limited,Adilabad,36
1001052,IN,Nirman Enconprojects Pvt. Ltd.,Bikaner,08
1001053,IN,Arc Renewables Private Limited,Gurgaon,06
1001054,IN,Om Logistic Limited,Jaipur,08
1001055,IN,Om Logistic Limited,Nagpur,27
1001056,IN,Pachisia Plastics Private Limited,Ramnagara,29
1001057,IN,Pae Renewables Private Limited,Pilani,08
1001058,IN,Pae Renewables Private Limited - Va,Tarapur,27
1001059,IN,Periurja Energy Private Limited,Panvel,27
1001060,IN,Periurja Energy Private Limited,New Panvel,27
1001061,IN,Photon Energytech Private Limited,Igatpuri,27
1001062,IN,Photon Energytech Private Limited,Nashik,27
1001063,IN,Photovoltaic Solar,Halol,24
1001064,IN,Argo Solar Private Limited,East Godavari District,37
1001065,IN,Photovoltaic Solar,Anand,24
1001066,IN,Photovoltaic Solar,SURAT,24
1001067,IN,Photovoltaic Solar,Anand,24
1001068,IN,Power Grid Corporation Of,Bilaspur,22
1001069,IN,Pravara Institute Of Medi,Ahmednagar,27
1001070,IN,Premier Irrigation Adrite,Coochbehar,19
1001071,IN,Prime Energy Solution,Ernakulam,32
1001072,IN,Public Works Department,Raipur,22
1001073,IN,Pune Airport,Pune,27
1001074,IN,R.M Power Solutions,Varanasi,09
1001075,IN,Argo Solar Private Limited,Mahabubnagar,36
1001076,IN,R.M Power Solutions,Lucknow,09
1001077,IN,R.M Power Solutions,Muzzaffarnagar,09
1001078,IN,R.M Power Solutions,Lucknow,09
1001079,IN,R.M Power Solutions,Ghaziabad,09
1001080,IN,Rafi Ahmed Kidwai National Postal A,Ghaziabad,09
1001081,IN,Rajarambapu Institute Of,Islampur,27
1001082,IN,Rajdeep Energies Private Limited,Paloncha,36
1001083,IN,Ravindra Energy Limited,Bengaluru,29
1001084,IN,Ravindra Energy Limited,Bengaluru,29
1001085,IN,Ravindra Energy Limited,Mangalore,29
1001086,IN,Argo Solar Private Limted,Mahbubnagar,36
1001087,IN,Ravindra Energy Limited,Hassan,29
1001088,IN,Ravindra Energy Limited,Vidayagiri,29
1001089,IN,Ravindra Energy Limited,Belgaum,29
1001090,IN,Ravindra Energy Limited,Belgaum,29
1001091,IN,Ravindra Energy Limited,Mysore,29
1001092,IN,Ravindra Energy Limited,Mysore,29
1001093,IN,Ravindra Energy Limited,Mysore,29
1001094,IN,Ravindra Energy Limited,Banashankari,29
1001095,IN,Ravindra Energy Limited,Bengaluru,29
1001096,IN,Ravindra Energy Limited,Sangamner,27
1001097,IN,Arya Electric Company,Meerut,09
1001098,IN,Ravindra Energy Limited,Pune,27
1001099,IN,Ravindra Energy Limited,Sangamner,27
1001100,IN,Ravindra Energy Limited.,Musore,29
1001101,IN,Ravindra Energy Limited.,Mysore,29
1001102,IN,Ravindra Energy Limited.,Bengaluru,29
1001103,IN,Ravindra Energy Ltd,Belgaum,29
1001104,IN,Rosol Energy Private Limited,New Delhi,07
1001105,IN,S.L.V Enterprises,CHITRADURGA,29
1001106,IN,S.L.V Enterprises,CHITRADURGA,29
1001107,IN,S.L.V Enterprises,CHITRADURGA,29
1001108,IN,Arya Electric Company,Gurugram,06
1001109,IN,Sadhana Nitro Chem Limited,Roha,27
1001110,IN,Sandeep Motors Private Limited,Bhilwara,08
1001111,IN,Sandeep Motors Private Limited,Bhilwara,08
1001112,IN,Sandeep Motors Private Limited,Bhilwara,08
1001113,IN,Satwik Sungreen Corporation,Kota,08
1001114,IN,Shakti Sales Corporation,Guwahati,18
1001115,IN,Shankar Exports,Greater Noida,09
1001116,IN,Shiv Solar Power Projects,Punjab,03
1001117,IN,Shree Sairam Collage Of Engineering,Bengaluru,29
1001118,IN,Shyam Hatchery,Allahabad,09
1001119,IN,Arya Electric Company,Kota,08
1001120,IN,Sikco Engineering Services,Baramati,27
1001121,IN,Sikco Engineering Services,Nashik,27
1001122,IN,Solar Corona Energy Private Limited,Koppal,29
1001123,IN,Solar Corona Energy Private Limited,Koppal,29
1001124,IN,Solar Corona Energy Private Limited,Koppal,29
1001125,IN,Soleden Power Private Limited,Alwar,08
1001126,IN,Sri Manakula Vinayaga Educational T,Madagadipet,34
1001127,IN,Star Corporation,Jind,06
1001128,IN,Star Corporation,Haryana,06
1001129,IN,Star Cotspin Limited.,Chittorgarh,08
1001130,IN,Arya Electric Company,Gurugram,06
1001131,IN,Starfield Renewables Private Limite,Mathura,09
1001132,IN,Starfield Renewables Private Limite,Agra,09
1001133,IN,Starfield Renewables Private Limite,Shahjahanpur,09
1001134,IN,Starfield Renewables Pvt Ltd,Meerut,09
1001135,IN,Sula Vineyards Private Limited,Nashik,27
1001136,IN,Sumit Dawan,Dehradun,05
1001137,IN,Sun Craft Energy Private Limited,Kolkata,19
1001138,IN,Sundigo Solar Solution,Kanpur,09
1001139,IN,Sundigo Solar Solutions,Auraiya,09
1001140,IN,Sundigo Solar Solutions,Srawasti,09
1001141,IN,Assam Don Bosco University,Guwahati,18
1001142,IN,Sundigo Solar Solutions,Srawasti,09
1001143,IN,Sundigo Solar Solutions,Sitapur,09
1001144,IN,Sundigo Solar Solutions,Kolkata,19
1001145,IN,Sundigo Solar Solutions,Dhamtri,22
1001146,IN,Sundigo Solar Solutions,Kolkata,19
1001147,IN,Sungrid Electric Private Limited,Gurgaon,06
1001148,IN,Sunkalp Energy,New Delhi,07
1001149,IN,Switching Avo Electro Power Limited,Kolkata,19
1001150,IN,The Procurator,Kottayam,32
1001151,IN,The Procurator,Kottayam,32
1001152,IN,Asun Solar Power Private Limited,New Delhi,07
1001153,IN,Ultra Solutions,Amritsar,03
1001154,IN,Unnat House,Panipat,06
1001155,IN,Vedanta Limited,Jharsuguda,21
1001156,IN,Wbwridd,"Paschim Medinipur,Jhargram",19
1001157,IN,Wbwridd,"Tamluk,Purba Medinipur",19
1001158,IN,Wel Spring Universal,Bahadurgarh,06
1001159,IN,Alekos Technologies India Private,Naihati,19
1001160,IN,Arsiga Konics Private Limited,Lucknow,09
1001161,IN,Arsiga Konics Private Limited,Lucknow,09
1001162,IN,Astefra Business Private Limited,Patna,10
1001163,IN,Asun Solar Power Private Limited,New Delhi,07
1001164,IN,Auro Power System,Chennai,33
1001165,IN,Bps Kiran Solar Solution,Karnal,06
1001166,IN,Indian Oil Corporation Limited,Kolaghat,19
1001167,IN,Indian Oil Corporation Limited,Varanasi,09
1001168,IN,Indian Oil Corporation Limited,Digboi,18
1001169,IN,Indian Oil Corporation Limited,Pune,27
1001170,IN,Madhav Enterprise,Vadodara,24
1001171,IN,Nogginhaus Energy India Limited,Lucknow,09
1001172,IN,Oriana Solar System Llp,PUNE,27
1001173,IN,Pae Renewables Private Limited,Kolhapur,27
1001174,IN,Asun Solar Power Private Limited,New Delhi,07
1001175,IN,Pae Renewables Private Limited,Thane West,27
1001176,IN,Rajasthan Solar Energy System,Sriganganagar,08
1001177,IN,Sugatu Infra Private Limited,Nanded,27
1001178,IN,Sugatu Infra Private Limited,Palghar,27
1001179,IN,Sunlight Solar Energy,Pundag,20
1001180,IN,Surya International,Guwahati,18
1001181,IN,Surya International,Jirania,16
1001182,IN,Surya International,Guwahati,18
1001183,IN,Surya International,Guwahati,18
1001184,IN,Surya International,Guwahati,18
1001185,IN,Asun Solar Power Private Limited,New Delhi,07
1001186,IN,Surya International,Silchar,18
1001187,IN,Surya International,Agartala,16
1001188,IN,Surya International,Guwahati,18
1001189,IN,Ntpc Limited.,Jodhpur :,08
1001190,IN,Ntpc Limited,MANDSAUR Dist.,23
1001191,IN,Gujarat Industries Power,Patan,24
1001192,IN,Bharat Electronics Limited,Itarsi,23
1001193,IN,National Remote Sensing C,Hyderabad,36
1001194,IN,Regional Remote Sensing C,Nagpur,27
1001195,IN,Regional Remote Sensing C,Kolkata,19
1001196,IN,Asun Solar Power Private Limited,Delhi,07
1001197,IN,Regional Remote Sensing C,Jodhpur,08
1001198,IN,Pc Jeweler,NOIDA,09
1001199,IN,Bharat Electronics Limited(VFJ),Jabalpur,23
1001200,IN,"Iocl - Jharsuguda, 120 Kw",Jharsuguda,21
1001201,IN,Iocl-Paradip 150Kwp,Paradip,21
1001202,IN,Bharat Dynamics Limited,Hyderabad,36
1001203,IN,Iocl-Khurda Road 80Kwp,Khurda Road,21
1001204,IN,Iocl Bokaro 130 Kw,Bokaro,20
1001205,IN,Emami City - Residencial,Kolkata,19
1001206,IN,Premier Irrigation Adrite,Malda,19
1001207,IN,Asun Solar Power Private Limited,New Delhi,07
1001208,IN,Chowringhee Residency Private Limit,Kolkata,19
1001209,IN,W.B.S.E.D.C.L (Patni),Midnapur,19
1001210,IN,Welways Engineers (India),Kapurthala,03
1001211,IN,Wbpdcl,Bakreswar,19
1001212,IN,Wbpdcl,Santaldih,19
1001213,IN,W.B.S.E.D.C.L (Salboni),Payrachalli,19
1001214,IN,Welways Engineers (India),Ferozepur,03
1001215,IN,Aegis Business Limited,Kolkata,19
1001216,IN,Indian Oil Corporation Ltd,Raninagar,19
1001217,IN,Oil And Natural Gas Company Limited,Bharuch,24
1001218,IN,Asun Solar Power Privatelimited,Ghaziabad,09
1001219,IN,Advance Ventilation Private Limited,Kundli,06
1001220,IN,Asun Solar Power Privatelimited.,Gurgaon,06
1001221,IN,Asun Solar Power Pvrivate Limited,New Delhi,07
1001222,IN,Asun Solar Power Pvt Ltd.,Delhi,07
1001223,IN,Avenue Super Marts Private Limited,Rajkot,24
1001224,IN,Avenue Super Marts Private Limited,Bir Chhat,03
1001225,IN,Avon Cycles Limited,Ludhiana,03
1001226,IN,Avon Ispat & Power Limited,Ludhiana,03
1001227,IN,Azure Power Forty Four Private Limi,AHEMDABAD,24
1001228,IN,Azure Power Forty Four Private Limi,Bhiwandi,27
1001229,IN,Azure Power Forty Four Private Limi,Greater Noida,09
1001230,IN,Azure Power Forty Four Private Limi,Jhansi,09
1001231,IN,Azure Power Forty Four Private Limi,Lucknow,09
1001232,IN,Azure Power Forty Four Private Limi,Jodhpur,08
1001233,IN,Azure Power Forty Four Private Limi,Allahabad,09
1001234,IN,Azure Power Forty Four Private Limi,Mathura,09
1001235,IN,Azure Power Fourty Four Private Lim,VADODARA,24
1001236,IN,Azure Power Fourty Four Private Lim,Jodhpur,08
1001237,IN,Azure Power Rooftop Three,"Jaipur,",08
1001238,IN,Azure Sunlight Private Limited,"Chennai,",33
1001239,IN,B D Khanna Estates Private Limited,New Delhi,07
1001240,IN,B D Khanna Estates Private Limited,New Delhi,07
1001241,IN,B D Khanna Estates Private Limited,New Delhi,07
1001242,IN,B D Khanna Estates Private Limited,Delhi,07
1001243,IN,B D Khanna Estates Private Limited,Delhi,07
1001244,IN,B D Khanna Estates Private Limited,Delhi,07
1001245,IN,B D Khanna Estates Private Limited,New Delhi,07
1001246,IN,B D Khanna Estates Private Limited,New Delhi,07
1001247,IN,B D Khanna Estates Private Limited,New Delhi,07
1001248,IN,B D Khanna Estates Private Limited,New Delhi,07
1001249,IN,B D Khanna Estates Private Limited,Delhi,07
1001250,IN,B D Khanna Estates Private Limited,New Delhi,07
1001251,IN,Bagmane Green Power Llp,Chikkodi,29
1001252,IN,Balark Solar Private Limited,Nitte,29
1001253,IN,Balark Solar Private Limited,Tamil Nadu,33
1001254,IN,Balark Solar Private Limited,Ariyalur,33
1001255,IN,Bhel Site Office,ANANTHPUR,37
1001256,IN,Bosch Limited,Chikkodi,29
1001257,IN,"C/2, Cosmos Gardens",Mumbai,27
1001258,IN,Chemi Tech Constructions,Agra,09
1001259,IN,Clean Max Enviro Energy S,Manipal-Karnataka,29
1001260,IN,Clean Max Enviro Energy S,Manipal,29
1001261,IN,Clean Max Enviro Energy S,Bangaluru,29
1001262,IN,Clean Max Enviro Energy S,Mysore,33
1001263,IN,Clean Max Enviro Energy S,Manipal,29
1001264,IN,Clean Max Enviro Energy S,Manglore,29
1001265,IN,Clean Max Enviro Energy S,Mangaluru,29
1001266,IN,Clean Max Enviro Energy S,Delhi,07
1001267,IN,Clean Max Enviro Energy S,New Delhi,07
1001268,IN,Clean Max Enviro Energy S,Shakarpur,07
1001269,IN,Clean Max Enviro Energy S,Mandoli,07
1001270,IN,Clean Max Enviro Energy S,Delhi,07
1001271,IN,Clean Max Enviro Energy S,Delhi&#160;,07
1001272,IN,Clean Max Enviro Energy S,Delhi,07
1001273,IN,Clean Max Enviro Energy S,Delhi,07
1001274,IN,Clean Max Enviro Energy S,Bellary,29
1001275,IN,Continental India Private Ltd.,Meerut,09
1001276,IN,Cordia Group Of Institutes,Sanghol,03
1001277,IN,Cpwd Office,Udaipur,08
1001278,IN,Cspdcl Training Institute,Raipur,22
1001346,TW,United Renewable Energy Co. Ltd.,Hsinchu,TWN
1001464,IN,Modern Solar Private Limited,Kolkata,19
1001465,IN,Tirumala Tirupati Devasthanams(TTD),Tirupati,37
1001469,IN,AICL Communications Ltd.,Mumbai,27
1002244,IN,International Research Institute fo,New Delhi,07
1003304,IN,Websol Energy Systems Limited,Falta,19
1003353,IN,Sukriti Vidyut Udyog Pvt. Ltd.,Ghaziabad,09
1003359,IN,Shashwat Cleantech Private Limited,Ahmedabad,24
1003360,IN,Sugatu Infra Private Limited,Mumbai,27
1003361,IN,UR Energy India Private Limited,AHMEDABAD,24
1003362,IN,Oakridge Energy Private Limited,New Delhi,07
1003363,IN,Solar Energy Corporation of Ondia L,Delhi,07
1003364,IN,Atonsys,Pune,27
1003365,IN,Equinox Solar Private Limited,Rajkot,24
1003366,IN,Taikisha Engineering India Private,Visakhapatnam,37
1003367,IN,A.A.Enterprises,Panchkula,06
1003368,IN,MAK Solar Power,Navi Mumbai,27
1003369,IN,Dudwa Power Industries,Ranchi,20
1003370,IN,Solar and Energy Saving Company (SA,Ranchi,20
1003371,IN,Mobe Quality Fibres Private Limited,Palakonda,37
1003372,IN,Power Traders,Bokaro,20
1003373,IN,Azure Power Rooftop Private Limited,Kolkata,19
1003374,IN,Azure Power Rooftop Private Limited,Godda,20
1003375,IN,Ravi Renewable Energy & Lighting Pr,Vijaywada,37
1003376,IN,Ayush Enteprises,Ripponpete,29
1003377,IN,Iaito Infotech Private Limited,Kanpur,09
1003378,IN,In Wood Works,Kolkata,19
1003532,IN,Brcm College Of Engg. & Tech,Bhiwani,06
1003533,IN,Technocrafts Switchgears Private Li,Powai,27
1003534,IN,U M Green Lighting Pvt. Ltd,Trivendrum,32
1003535,IN,Um Green Lighitng Private Limited,Haridwa,05
1003536,IN,Um Green Lighitng Private Limited,Lucknow,09
1003537,IN,Indian Institute of Remote Sensing,Dehradun,05
1003538,IN,Jakson Engineers Limited,"Jasola,New Delhi",07
1003539,IN,Research Designs&Standards Orga.(RD,Lucknow,09
1003540,IN,Arka Renewable Energy College,Kolkata,19
1003541,IN,"BRCM Public School,Gyankunj",Bhiwani,06
1003542,IN,Jangam Solartech,SIDDHIVINAYAKNAGAR,27
1003543,IN,European Projects & Aviation Limite,Mumbai,27
1003544,IN,Hi Tech Solar Zone,MUKUND NAGAR,27
1003545,IN,Kasukurthi Sujatha Constructions Pv,Pune,27
1003546,IN,Sponsored Research & Industrial,Kharagpur,19
1003547,IN,GDC Memorial College,Bhiwani,06
1003548,IN,Urmila Chaudhary Dairy Farm,Haryana,06
1003549,IN,BRCM Skill Development Centre,Bhiwani,06
1003550,IN,RDNL Vidya Mandir,Bhiwani,06
1003551,IN,Manav Kalyan Hospital,Bhiwani,06
1003552,IN,Labour Colony (BRCM Public School),Bhiwani,06
1003553,IN,Cochin International Airport Ltd.,Nedumbassery,32
1003554,IN,Mp Urja Vikas Nigam Ltd.,Bhopal,23
1003555,IN,Oreda,Bhubaneswar,21
1003556,IN,Dibrugarh University,Dibrugarh,18
1003557,IN,Navkalp Groups,Rajkot,24
1003558,IN,Central Glass&Ceramic Resea.Institu,Kolkata,19
1003559,IN,Green Secure Energy Private Limited,Prakasam,37
1003560,IN,Sunray Solar Systems,Mangalore,29
1003561,IN,Azure Power Rooftop Private Limited,Amritsar,03
1003562,DE,Vikram Solar Gmbh,Mannheim,11
1003563,EE,AU ENERGIATEENUS OÜ,Tallinn,
1003564,US,Vikram Solar US Inc,Framingham,MA
1003565,IN,Jakson Engineers Ltd.,Jaipur,08
1003566,DE,Vikram Solar Energy Soloutions Gmbh,Berlin,11
1003567,IN,J.S.Solartech India Private Limited,Delhi,07
1003568,IN,Panchatara Industries Private,Kolhpaur,27
1003569,IN,Arya Electric Company,Jind,06
1003570,IN,Photovoltaic Solar,Anand,24
1003571,IN,Hygrid Solar,Baghpat,09
1003572,IN,Sun Astra Energy Solutions Private,Panchkula,06
1003573,IN,Best Auto Deal Company,Pune,27
1003574,IN,Nittito Exim India Limited,Aurangabad,27
1003575,IN,Balark Solar Private Limited,Bangalore,29
1003576,IN,J & J Solar System,Mumbai,27
1003577,IN,Shiva Solar Enterprise,Bariupur,19
1003578,IN,Energy Solution,Trichy,33
1003579,IN,Customer Advance (others),Kolkata,19
1003580,IN,Pulse Power Technologies Private,Kolkata,19
1003581,IN,IIT Bombay,Mumbai,27
1003582,IN,Suninfra Energies Private Limited,Malegaon,27
1003583,IN,Jay Sikotar Ma Scrap Supplier,Patan,24
1003584,IN,Skeiron Renewable Energy Rahij Priv,Pune,27
1003585,IN,Soliana Engineering Solutions,Pune,27
1003586,IN,Vikram Financial Services Pvt Ltd,Kolkata,19
1003587,IN,H. S. Solar,Mumbai,27
1003588,IN,Renew Solar Power Private Limited,New Delhi,07
1003589,IN,Um Green Lighting Private Limited,Gurgaon,06
1003590,IN,Unitech Machines Limited,Roorkee,05
1003591,IN,Bharat Electronics Limited,Agartala,16
1003670,IN,Mohsin Khan,Dag,08
1003677,IN,Nidhaan Nawalkishore Agarwal,Jamshedpur,20
1003678,IN,Azure Power Rooftop Private Limited,Chandigarh,04
1003679,IN,Azure Power Rooftop Private Limited,Jammu and Kashmir,01
1003680,IN,Azure Power Rooftop Private Limited,Chandigarh,04
1003681,IN,Azure Power Rooftop Private Limited,Jammu,01
1003682,IN,Azure Power Rooftop Private Limited,Chandigarh,04
1003683,IN,Multi Service Inc,Jamshedpur,20
1003684,IN,Photovoltaic Solar,Halol,24
1003685,IN,Global Powersource (India) Private,Mumbai,27
1003686,IN,Azure Power Rooftop Private Limited,Sasaram,10
1003687,IN,Pioneer Jellica India Private Limit,Mallanginar,33
1003688,IN,Azure Power Rooftop Private Limited,Firozpur,03
1003689,IN,Azure Power Rooftop Private Limited,Bardhman,19
1003691,IN,Equinox Solar Private Limited,Rajkot,24
1003692,IN,SIKCO Engineering Services,Navi Mumbai,27
1003693,IN,Nogginhaus Energy India Limited,Lucknow,09
1003694,IN,Starfield Renewables Private Limite,Hapur,09
1003695,IN,Kerala Industrial Infrastructure,Lakkidi,32
1003702,IN,Hild Energy Private Limited,Ramanathapuram,33
1003703,IN,Azure Power Rooftop Private Limited,Samastipur,10
1003704,IN,Azure Power Rooftop Private Limited,Samastipur,10
1003705,IN,Azure Power Rooftop Private Limited,Gaya,10
1003706,IN,Azure Power Rooftop Private Limited,Danapur,10
1003707,IN,Azure Power Rooftop Private Limited,Samastipur,10
1003708,IN,Azure Power Rooftop Private Limited,Bilaspur,22
1003709,IN,Azure Power Rooftop Private Limited,Korba,22
1003710,IN,Azure Power Rooftop Private Limited,Samastipur,10
1003711,IN,Azure Power Rooftop Private Limited,Muzaffarpur,10
1003712,IN,Azure Power Rooftop Private Limited,Champa,22
1003713,IN,Azure Power Rooftop Private Limited,Garhara,10
1003714,IN,Global Powersource ( India ) Privat,Bhiwandi,27
1003716,IN,Test Vendor,Bhubaneswar,21
1003719,IN,Grace Solar,Hyderabad,36
1003720,IN,Eco Mitra Solar Private Limited,Visakhapatnam,37
1003721,IN,Lijo Joseprakash Prime Energy Solut,Aluva,32
1003722,IN,Eco Mitra,Visakhapatnam,37
1003723,IN,Greenergy Solar Solutions,Lawspet,34
1003724,IN,Parshanya Power Solutions,Madurai,33
1003726,IN,Government Medical College & Hospit,Chandigarh,04
1003727,IN,Dainik Bhaskar,Shivdaspura,08
1003729,IN,Azure Power Rooftop Private Limited,Danapur,10
1003730,IN,Azure Power Rooftop Private Limited,Samastipur,10
1003731,IN,Azure Power Rooftop Private Limited,Samastipur,10
1003732,IN,Azure Power Rooftop Private Limited,Sitamarhi,10
1003733,IN,Azure Power Rooftop Private Limited,Sonpur,10
1003734,IN,Azure Power Rooftop Private Limited,Muzaffarpur,10
1003735,IN,Azure Power Rooftop Private Limited,Sonpur,10
1003736,IN,Azure Power Rooftop Private Limited,Chandigarh,04
1003737,IN,Azure Power Rooftop Private Limited,Chandigarh,04
1003738,IN,NDJ Solar Power Private Limited,Sree ganga Nagar,08
1003739,IN,Shree Shyam Energy Products,Karnal,06
1003740,IN,Azure Power Rooftop Private Limited,Ludhiana,03
1003741,IN,Azure Power Rooftop Private Limited,Pathankot,03
1003742,IN,Greensol Renewable Power Prviate,Arrah,10
1003743,IN,Hivesolar Energy Private Limited,Trivandrum,32
1003744,IN,Solarsquare Energy Private Limited,Mumbai,27
1003745,IN,Azure Power Rooftop Private Limited,Bilaspur,22
1003746,IN,Azure Power Rooftop Private Limited,Kirodimalnagar,22
1003747,IN,Azure Power India Private Limited,Ghaziabad,09
1003748,IN,Azure Power India Private Limited,Faridabad,06
1003749,IN,Lijo Joseprakash Prime Energy Solut,Kaduthurithi,32
1003750,IN,Lijo Joseprakash Prime Energy Solut,Kottakkal,32
1003751,IN,Mahatma Gandhi Kashi Vidyapith,Varanasi,09
1003752,IN,U R Energy (India) Private Limited,RAJKOT,24
1003753,IN,Azure Power India Private Limited.,Indore,23
1003755,IN,Shree Ganesh Industries,Pune,27
1003756,IN,Soliana Engineering Solutions,Ahemadnagar,27
1003758,IN,Agni Power And Electronics Private,Barrackpore,19
1003759,IN,ESIC Model Hospital,Baddi,02
1003760,IN,Rose Solar Solutions Private Limite,Kottayam,32
1003761,IN,Solar and Energy Saving Company,Bokaro,20
1003762,IN,Networth Projects Private Limited,"Safdarjung,",07
1003763,IN,Power Traders,Bokaro,20
1003765,IN,Bharti Airtel Ltd,Kolkata,19
1003766,IN,Power One Micro Systems Private,Bangalore,29
1003768,IN,Azure Power India Private Limited,Gwalior,23
1003769,IN,Azure Power India Private Limited,Jhansi,09
1003770,IN,Azure Power India Private Limited,Sonipat,06
1003771,IN,Azure Power India Private Limited,Allahabad,09
1003772,IN,Equinox Solar Private Limited,Rajkot,24
1003773,IN,Konark Gujarat Pv Private Limited,Gujarat,24
1003775,IN,Molisati Vinimay Private Limited,Barkote,21
1003776,IN,Jay Ace Technologies Limited,Roorkee,05
1003777,IN,Jay Iron & Steels Limited,Rourkela,21
1003778,IN,Lexicon Vanijya Private Limited,Jodhpur,08
1003779,IN,Sungold Energy Private Limited,Phalodi,08
1003780,IN,Star Solar Power Private Limited,Phalodi,08
1003781,IN,Symphony Vyapaar Private Limited,Jodhpur,08
1003782,IN,Malwa Solar Power Generation Privat,Indore,23
1003783,IN,Eroei Power Solutions Private Limit,Bangalore,29
1003788,IN,Greenco Systems Private Limited,Sambalpur,21
1003789,IN,Photovoltaic Solar,Dhansura,24
1003790,IN,Azure Power Rooftop Private Limited,Mumbai,27
1003791,IN,Azure Power India Private Limited,Agra,09
1003792,IN,Solar Bull Energy,Hyderabad,36
1003793,IN,Vyomaa Energy Private Limited,Kakinada,37
1003794,IN,Gm Solar Systems,Guntur,37
1003795,IN,Anand Associates,Jaipur,08
1003796,IN,Elgris Solar Power Systems Private,Solapur,27
1003797,ES,Abastecimientos Energeticos S.L.U,Madrid,28
1003800,VN,Trunsun Solar Vietnam Co. Limited,Bac Ninh,
1003801,IE,Joule Ireland,DUBLIN,D
1003802,IN,Green Secure Energy Private Limited,Secunderabad,36
1003804,IN,Powerances,Visakhapatnam,37
1003805,IN,Elgris Solar Power Systems Private,Solapur,27
1003806,IN,Equinox Solar Private Limited,Rajkot,24
1003807,IN,Hindustan Zinc Limited,Udaipur,08
1003811,IN,Power On Solutions,New Rasipuram,33
1003812,IN,Anand Associates,Jaipur,08
1003813,NP,Modenica Ventures Private Limited,Kalanki,
1003815,IN,Ruchi Realty Active Acres,Kolkata,19
1003816,IN,Anand Associates,Jaipur,08
1003817,IN,IL Solar,Eluru,37
1003818,IN,Ravindra Energy Limited,Pune,27
1003820,IN,Himachal Pradesh Govt. Printing Pre,Shimla,02
1003821,IN,RD Enterprise Electrical Specialist,vadodara,24
1003822,IN,Boundless Environment Resource Solu,Azadpur,07
1003823,IN,Postive Business Solutions,Palakkad,32
1003824,IN,Kalinga Renewables Energy Manufactu,Bhubaneswar,21
1003825,IN,Sai Isha Solar Solutions,Chennai,33
1003826,IN,Promisun Energy,Ernakulam,32
1003827,IN,Novus Green Energy Systems Limited,Visakhapatnam,37
1003828,IN,AVI Appliances Private Limited,Kankavati,24
1003829,IN,Vyomaa Energy Private Limited,Chembur,27
1003830,IN,Stripco Springs Private Limited,Vasai,27
1003831,IN,Spire India Private Limited,Palghar,27
1003832,IN,Baldev Industries LLP,Ichalkaranji,27
1003833,IN,Atonsys,Pune,27
1003850,IN,SIKCO Engineering Services,Navi Mumbai,27
1003851,IN,Fuchs Lubricants,Thane,27
1003852,IN,UR Energy India Private Limited,Ahmedabad,24
1003853,IN,Viraj Cold Storage Private Limited,Kundali,06
1003854,IN,Ravi Renewable Energy & Lighting In,Vizianagaram,37
1003855,IN,Relyon Solar Private limited,Pune,27
1003856,IN,Brilliant Energy Private Limited,Mumbai,27
1003857,IN,Khan Solar Scrap Traders,Hyderabad,36
1003860,IN,Arc Renewables Private Limited,Gurgaon,06
1003861,IN,Venkat Energy And Power Private Lim,Talavatti,29
1003862,IN,Venkat Energy And Power Private Lim,Bengaluru,29
1003863,IN,Geological Survey of India,Chandigarh,04
1003864,IN,Airport Authority of India,Puducherry,34
1003865,IN,Mr.Dilwar Negi,Noida,09
1003866,IN,Bhagwati Business Merchant Limited,Ghaziabad,09
1003867,IN,Renewable Energy Services,Panipat,06
1003868,IN,Sunsource Energy Private Limited,Jodhpur,08
1003869,IN,Leanway Energy Private Limited,Pune,27
1003870,IN,Bharat Electronics Limited,Jabalpur,23
1003871,IN,Ganapathy Electrical Proprietor R,Perugamani,33
1003885,IN,Vividh Energy Systems,Puttur,29
1003886,IN,Jr Communications & Power Controls,TRICHY,33
1003887,IN,Maharishi Gautam Solar Agency,Bikaner,08
1003888,IN,The Cambridge School,Dhuri,03
1003889,IN,The Cambridge School,Hathan,03
1003890,IN,Pitambari Products Private Limited,Thane,27
1003891,IN,Mungi  Engineers Private Limited,Pune,27
1003892,IN,Mungi Engineers Private Limited,Pune,27
1003893,IN,Mungi Engineers Private Limited,Pune,27
1003894,IN,Relyon Solar Private Limited,Nashik,27
1003895,IN,Emami Realty Limited,Kolkata,19
1003896,IN,Sadhana Nitro Chem Limited,ROHA,27
1003897,IN,Solar Bull Energy,Kompally,36
1003898,IN,Oakridge Energy Private Limited,Noida,09
1003899,IN,Jeevaditya Solar Power Private Limi,Chennai,33
1003900,IN,Parshanya Power Solutions,Madurai,33
1003901,IN,Solar Energy Corporation of India,Jodhpur,08
1003911,IN,Argo Solar Private Limited,Krishna,37
1003912,IN,Mittal Machines Private Limited,Ambala Cantt,06
1003913,IN,Sunsource Energy Private Limited,Kota,08
1003914,IN,Bis-Nu-Chem (India) Private Limited,Chennai,33
1003916,US,"DNV GL PVEL, LLC",Berkeley,CA
1003919,IN,Sunsource Energy Private Limited,Bhilwara,08
1003923,IE,Joule,Ballyfermot Dublin,
1003924,PT,Alferpac SA,Campo,31
1003925,PT,Alferpac SA,Algarao,30
1003926,IN,Maven Solar Private Limited,Rohtak,06
1003927,IN,Solarpack India Llp,Delhi,07
1003928,IN,Euphoria Green Technologies,Bhubaneswar,21
1003929,IN,Solarium Solar Power Systems,Ludhiana,03
1003930,IN,Azure Power Rooftop Private Limited,Delhi,07
1003931,IN,Azure Power Rooftop Private Limited,Chennai,33
1003932,IN,GreenSol Renewable Power Private Li,Arrah,10
1003933,IN,Azure Power Rooftop Private Limited,Gulbrga,29
1003934,IN,Nmdc Limited,Kirandul,22
1003935,IN,Nmdc Limited,Sandur,29
1003936,IN,Powerown Electronic Systems,Trichur,32
1003937,IN,Avi Solar Energy Private Limited,Bangalore,29
1003938,IN,JVS Export,Madurai,33
1003939,IN,Azure Power Rooftop Private Limited,Bhuswal,27
1003941,IN,Azure Power Rooftop Private Limited,Solapur,27
1003942,IN,Azure Power Rooftop Private Limited,Solapur,27
1003946,IN,Arkadin Conferindia Private Limited,Noida,19
1003956,IN,Fatapukur 33 KV Substation,Fatapukur,19
1003957,IN,Radhabari  33 kV Sub Station,Radhabari,19
1003958,IN,Lataguri 33 KV Substation,Lataguri,19
1003959,IN,Phansidewa Administrative Building,Phansidewa,19
1003961,IN,Namkhana 33 KV Substation,Namkhana,19
1003962,IN,Kakdwip Division,Kakdwip,19
1003963,IN,Kakdwip 33 KV Substation,Kakdwip,19
1003964,IN,Kakdwip 132 KV Substation,Kakdwip,19
1003965,IN,Abdarpur 33kV Substation,Abdarpur,19
1003966,IN,Purandarpur 33 kV Substation,Purandarpur,19
1003967,IN,Panrui 33 kV Substation,Panrui,19
1003968,IN,Mollarpur 33 kV Substation,Mollarpur,19
1003969,IN,Sunsource Energy Private Limited,Chittorgarh,08
1003970,IN,Airport Authority of India,Madhurapudi,37
1003971,IN,Nlc India Limited,Maranthai,33
1003972,US,Standard Solar Inc.,Rockville,NY
1003973,US,Solitude Solar,Lewis,NY
1003979,US,Town of Burrillville,Burrillville,RI
1003980,US,Chatfield Solar Farm,KILLINGSWORTH,CT
1003982,US,US Solar Reindeer,Sauk Rapids,MN
1003983,US,US Solar Buckaroo,Glydon,MN
1003984,US,US Solar JJ Clay,Felton,MN
1003985,US,US Solar Horne South,Felton,MN
1003986,US,US Solar Bluff Country,Altura,MN
1003987,US,US Solar Solar Sources,Scandia,MN
1003988,US,US Solar Zanzibar,Dayton,MN
1003989,US,US Solar Hancock,Cologne,MN
1003990,US,US Solar Cougar,Morgan,MN
1003991,US,US Solar Verde,Morgan,MN
1003993,US,US Solar Chariot,Danube,MN
1003994,US,US Solar Christoffer,Montevideo,MN
1003995,US,US Solar Pheasant,Clara,MN
1003996,US,Old New Windsor CS,New Windsor,MD
1003997,IN,"Indian Institute of Management, Cal",Kolkata,19
1004000,IN,Sterling Powergensys Limited,Mumbai,27
1004001,IN,Sterling Powergensys Limited,Thane,27
1004002,US,Freepoint Woodville,Richmond,RI
1004003,US,Freepoint Coxsackie,Coxsackie,NY
1004004,IN,Rays Power Infra Private Limited,Jaipur,08
1004013,IN,Hero Solar Energy Private Limited,Sangli,27
1004014,IN,Tuv Rheinland (India) Private Limit,Bangalore,29
1004015,IN,SunAlpha Energy Private Limited,Jaipur,08
1004016,IN,Maximal Energy Private Limited,Krishna,37
1004022,US,"Eitri Foundry, LLC",Orlando,FL
1004024,IN,Anand Associates,Kota,08
1004026,US,Grafton Solar Park,Grafton,OH
1004027,US,Montpelier Site,Montpelier,OH
1004028,US,Light Wave Solar,Antioch,TN
1004029,US,"Light Wave Solar, LLC",Chattanooga,TN
1004030,IN,Mr.Avinash,Noida,09
1004031,IN,Everest Agencies,Ernakulam,32
1004032,IN,Hero Solar Energy Private Limited,Nagpur,27
1004033,IN,Sapco Bitumen Company Limited,Kolkata,19
1004034,IN,Nava Bharat Construction,Vizianagaram,37
1004035,IN,Green Secure Energy Private Limited,Chilakaluripet,37
1004036,IN,Nava Bharat Construction,Hyderabad,36
1004037,IN,Erooka Private Limited,Sunam,03
1004038,US,Backwoods Solar,Sandpoint,ID
1004039,US,FBO Backwoods Solar Electric,Portland,OR
1004040,IN,JPS Plastics Private Limited,Barut,09
1004042,IN,Maximal Energy Private Limited,Eluru,37
1004047,US,Aegis Renewable Energy,Waterbury,VT
1004048,US,Aegis Renewable Energy,Waitsfield,VT
1004049,US,Revision Energy Inc.,Liberty,ME
1004050,CN,Intertek Testing Services Shanghai,Shanghai,020
1004051,US,South Portland Warehouse,South Portland,ME
1004052,US,Exeter Branch,Brentwood,NH
1004053,IN,Azure Power Rooftop Private Limited,Kollam,32
1004054,IN,Nava Bharat Construction,Chebrolu,37
1004055,IN,Erooka Private Limited,Sangrur,03
1004056,IN,Sapco Bitumen Company Limited,Howrah,70
1004057,US,Safari Energy LLC,North Bergen,NJ
1004058,US,"Innovative Power Systems, Inc.",Roseville,MN
1004059,US,Couillard Solar Foundation,Deerfield,WI
1004061,US,Couillard Solar Foundation,Deerfiels,WI
1004062,US,Speed Solar Inc.,Deerfield,WI
1004063,US,Safari Energy LLC,New York,NY
1004064,IN,Navalakha Translines,Pune,27
1004065,IN,Azure Power Rooftop Private Limited,Jabalpur,23
1004066,IN,Azure Power Rooftop Private Limited,Howrah,19
1004067,IN,Azure Power Rooftop Private Limited,Coimbatore,33
1004068,IN,Azure Power Rooftop Private Limited,Sonepat,06
1004069,IN,Bravo Sponge Iron Private Limited,723145,19
1004070,US,Mr. Jay Sharma,Massachusetts,MA
1004071,IN,Navalakha Translines,Vadala,27
1004072,IN,Azure Power Rooftop Private Limited,Bhiwandi,27
1004073,IN,Azure Power Rooftop Private Limited,Indore,23
1004074,IN,Azure Power Rooftop Private Limited,Bangalore,29
1004075,IN,Azure Power Rooftop Private Limited,Hyderabad,36
1004076,IN,Mahaveer Tradelinks,Belgaum,29
1004078,IN,P.C.Forms & Stationery,Kolkata,19
1004079,IN,Azure Power Rooftop Private Limited,Anuppur,23
1004080,US,Speed Solar Inc.,Deerfield,WI
1004081,US,"Innovative Power Systems, Inc.",Roseville,MN
1004082,US,Arch Electric Inc.,Plymouth,WI
1004084,CN,Shanghai T-sun Electronic,shanhgai,020
1004090,IN,Medha Servo Drives Private Limited,chennai,33
1004091,US,Melink Solar & Geo,Milford,OH
1004092,US,Native Solar,San Antonio,TX
1004093,IN,Omram Construction Company Private,Kundli,06
1004094,US,"Namaste Solar Electric,Inc.",Boulder,CO
1004095,US,Amicus Solar Cooperative,Boulder,CO
1004096,IN,Sunnet Energy Solutions,Tadepalli,37
1004097,IN,Clean Switch India Private Limited,Hyderabad,36
1004098,IN,Sunedison Infrastructure Limited,Chennai,29
1004099,IN,Saifian Solar Private Limited,Delhi,07
1004100,IN,Srifabtek,Vijayawada,37
1004110,IN,Saifian Solar Private Limited,Sonepat,06
1004115,IN,Shakti Sales Corporation,Guwahati,18
1004116,IN,Anand Associates,Jaipur,08
1004117,IN,Arsiga Konics Private Limited,Ghaziabad,09
1004118,IN,Lits N Lights,Shillong,17
1004119,IN,Accurate Powertech India Private Li,Pune,27
1004120,IN,Azure Power Rooftop Private Limited,Hyderabad,36
1004121,IN,Azure Power Rooftop Private Limited,Jabalpur,23
1004122,IN,Medha Servo Drives Private Limited,Chennai,33
1004123,IN,Tuv Rheinland (India) Private Limit,Bangalore,29
1004124,IN,IL Solar,Eluru,37
1004125,IN,J.S.Solartech India Private Limited,Jalandhar City,03
1004126,IN,Azure Power Rooftop Private Limited,Jabalpur,23
1004127,IN,Azure Power Rooftop Private Limited,Jabalpur,23
1004128,IN,Azure Power Rooftop Private Limited,Chhindwara,23
1004129,IN,Azure Power Rooftop Private Limited,Chhindwara,23
1004130,IN,Azure Power Rooftop Private Limited,Seoni,23
1004131,IN,Azure Power Rooftop Private Limited,Balaghat,23
1004132,IN,Azure Power Rooftop Private Limited,Mandla,23
1004133,IN,Azure Power Rooftop Private Limited,Dindori,23
1004134,IN,Ostrich,Rajahmundry,37
1004135,IN,SunAlpha Energy Private Limited,Jaipur,08
1004136,IN,Accurate Powertech India Private Li,Pune,27
1004137,IN,Shree Vaishnoo Agencies,Ludhiana,03
1004138,IN,J.S. Solartech India Private Limite,Delhi,07
1004139,CN,SUZHOU UKT NEW ENERGY TECHNOLOGY CO,SUZHOU,100
1004143,IN,Ahaskara Energy Systems,Ananthapuramu,37
1004144,IN,Jhansi Lakshmi Mykala,Vijayawada,37
1004145,IN,NTPC Limited.,Kalyanpur,09
1004146,IN,Cleanmax Enviro Energy Solutions Pr,Mumbai,27
1004147,IN,Argo Solar Private Limited,Tadepalligudem,37
1004148,BE,Fabricom Sa/Nv,Brussels,11
1004167,IN,Clean Max Enviro Energy Solutions,Vishakhapatnam,37
1004168,IN,South City Projects (Kolkata) Limit,Kolkata,19
1004169,IN,Azure Power Rooftop Private Limited,Muzaffarpur,10
1004170,IN,Clean Max Enviro Energy Solutions,Mumbai,27
1004171,IN,Panjab Energy Development Agency,Punjab,03
1004172,IN,Clean Max Enviro Energy Solutions,Bengaluru,29
1004173,IN,Panjab Energy Development Agency,Punjab,03
1004174,IN,Panjab Energy Development Agency,Nangal,03
1004175,IN,Clean Max Enviro Energy Solutions,Jaipur,08
1004176,IN,Panjab Energy Development Agency,Rupnagar,03
1004177,IN,AVI Appliances Private Limited,Ratanvav,24
1004178,IN,Panjab Energy Development Agency,Nangal,
1004179,IN,J.S.Solartech India Private Limited,Delhi,07
1004183,IN,Argo Solar Private Limited,Pennada,37
1004184,IN,Srifabtek,Bhimavaram,37
1004185,IN,Clean Future Foundation,Lucknow,09
1004186,IN,C&S Electric Limited,Delhi,07
1004187,IN,Clean Max Enviro Energy Solutions,Pune,27
1004188,IN,Clean Max Enviro Energy Solutions,Aurangabad,27
1004189,IN,Clean Max Enviro Energy Solutions,Alwar,08
1004190,IN,Clean Max Enviro Energy Solutions,Mysore,29
1004191,IN,Clean Max Enviro Energy Solutions,Bangalore,29
1004192,IN,Clean Max Enviro Energy Solutions,Visakhapatnam,37
1004193,IN,Rajdeep Energies Private Limited,Visakhapatnam,37
1004194,IN,Clean Max Enviro Energy Solutions,Guntur,37
1004196,IN,Clean Max Enviro Energy Solutions,Vishakhapatnam,37
1004199,IN,Clean Max Enviro Energy Solutions,velagapudi,37
1004200,IN,Eco Mitra Solar Private Limited,Vishakhapatnam,37
1004201,IN,Clean Future Foundation,Bareilly,09
1004202,IN,K Vision Security Solution,Bathinda,03
1004203,IN,Manoj Mohan Singhadev,West Mednipur,19
1004204,IN,Eco Mitra Solar Private Limited,Peddapuram,37
1004205,IN,Eco Mitra Solar Private Limited,Samalkot,37
1004206,IN,Eco Mitra Solar Private Limited,Kakinada,37
1004207,IN,Eco Mitra Solar Private Limited,Kakinada,37
1004208,IN,Eco Mitra Solar Private Limited,Kakinada,37
1004209,IN,Opulence Power Private Limited,Pune,27
1004210,IN,Eurja Infrastructure,Delhi,07
1004211,IN,Schneider Electric Infrastructure,Noida,09
1004212,SZ,Pasan SA,Neuchatel,
1004217,IN,Security Deposit for Dealership Sol,Nagpur,27
1004219,IN,Altron Digital Systems Private Limi,Calicut,32
1004226,IN,Shamanjwali Metals Private Limited,Kolkata,19
1004227,IN,Freyr Energy Services Private Limit,Jharkhand,20
1004228,IN,K Vision Security Solution,Abohar,03
1004229,IN,Schneider Electric Infrastructure,Hardoi,09
1004230,IN,Nippon Leakless Talbros Private Lim,Rewari,06
1004233,IN,Eurja Infrastructure,Nasik,27
1004235,IN,Sudip Paul,Jhargram,19
1004236,IN,Sunshell Connect Private Limited,Panchkula,06
1004237,IN,Shamanjwali metals Private Limited,Kolkata,19
1004238,IN,TIL Limited,Kharagpur,19
1004239,DE,Vikram Solar Limited,Munich,09
1004249,IN,Mayur Industries Private Limited,Pune,27
1004250,IN,Asun Solar Power Private Limited,New Delhi,07
1004251,IN,LVS Sunpower,Khammam,36
1004252,IN,Ostrich,Chintalpudi,37
1004253,IN,Rockland Industries Private Limited,Visakhapatnam,37
1004254,IN,Alternate Energy Corporation,Angamaly,32
1004257,IN,WBSEDCL(Achintyanagar 33 kV Substat,Achintyanagar,19
1004262,IN,Sai Corporation,Kala Amb,02
1004263,DE,Germany Customer,10315,11
1004271,IN,Return Test,Kolkata,19
1004280,IN,aaa,kolkata,70
1004281,IN,ahjd,kolkata,01
1004282,IN,testing company,kolkata,19
1004283,IN,testing company,kolkata,01
1004284,IN,abcf,kolkata,01
1004285,IN,abc,kolkata,19
1004287,IN,Residence Inn City Center,kolkata,19
1004297,IN,dr,sd,19
1004308,IN,VP Utilities Private Limited,kolkata,19
1004309,IN,NTPC LTD,kolkata,19
1004310,IN,Joyful Plastics Private Limited,Kolkata,19
1004311,IN,VSL Logistic,kolkata,19
1004312,IN,Vikram Solar Limited,Kolkata,70
1004313,IN,Azur bill to party,kolkata,19
1004320,IN,Vikram Solar Limited,Kolkata,19
1004324,IN,Greenrock Energy AG,Kolkata,19
1004325,IN,Supar Battery,Rahuri,27
1004326,IN,Miraj Entertainment Limited,Akola,27
1004339,IN,Test001,BBSR,20
1004342,IN,Euphoria Green Technologies,kolkata,33
1004343,IN,bnhgj,kolkata,19
1004346,IN,Test1 BISUG,kolkata,19
1004347,SG,Singapore customer Texsting,Singapore,SG
1004354,IN,Dashi Industries Pvt Lrd,Kolkata,27
1004357,IN,Pradnya Customer3,Kolkata,27
1004360,AE,Pradnya Customer2,Kolkata,
1004363,IN,VIKRAM SOLR LIMITED,,29
1004367,IN,Transport services,,35
1004370,IN,Transport services,,35
1004407,IN,VIKRAM SOLAR LIMITED,,29
1004408,IN,VIKRAM (I)SOLAR LIMITED,,29
1004409,IN,VIKRAM SOLAR LIMITED,,29
1004412,IN,Shirsha Kundu,,29
1004413,IN,Shirsha Kundu,,29
1004414,IN,Shirsha Kundu,,29
1004422,IN,ABB Power Products & Systems,KOLKATA,24
1004424,IN,Inter services,KOLKATA,19
1004425,IN,Anchor services,KOLKATA,19
1004431,IN,KL Con,KOLKATA,
1004432,IN,KL Con,KOLKATA,
1004433,IN,KL Con,KOLKATA,
1004434,IN,KL Con,KOLKATA,
1004435,IN,KL Con,KOLKATA,
1004436,IN,KL Con,KOLKATA,
1004437,IN,KL Con,KOLKATA,
1004439,IN,KL Con,KOLKATA,
1004440,IN,KL Con,KOLKATA,
1004441,IN,KL Con,KOLKATA,
1004442,IN,KL Con,KOLKATA,
1004443,IN,KL Con,KOLKATA,
1004444,IN,KL Con,KOLKATA,
1004445,IN,KL Con,KOLKATA,
1004446,IN,KL Con,KOLKATA,
1004447,IN,KL Con,KOLKATA,
1004448,IN,KL Con,KOLKATA,
1004449,IN,KL Con,KOLKATA,
1004450,IN,KL Con,KOLKATA,
1004451,IN,KL Con,KOLKATA,
1004452,IN,A2Z Solutions,Mumbai,27
1004453,IN,A2Z Solutions,Delhi,20
1004454,IN,A2Z Solutions,Mumbai,27
1004455,IN,A2Z Solutions,Mumbai,27
1004456,IN,A2Z Solutions,Delhi,20
1004457,IN,A2Z Solutions,Mumbai,27
1004458,IN,A2Z Solutions,Mumbai,27
1004459,IN,A2Z Solutions,Delhi,20
1004460,IN,A2Z Solutions,Mumbai,27
1004461,IN,A2Z Solutions,Mumbai,27
1004462,IN,A2Z Solutions,Delhi,20
1004463,IN,A2Z Solutions,Mumbai,27
1004464,IN,A2Z Solutions,Mumbai,27
1004465,IN,A2Z Solutions,Delhi,20
1004466,IN,A2Z Solutions,Mumbai,27
1004467,IN,A2Z Solutions,Mumbai,27
1004468,IN,A2Z Solutions,Delhi,20
1004469,IN,A2Z Solutions,Mumbai,27
1004470,IN,A2Z Solutions,Mumbai,27
1004471,IN,A2Z Solutions,Delhi,20
1004472,IN,A2Z Solutions,Mumbai,27
1004479,IN,KL Con,KOLKATA,
1004480,IN,KL Con,KOLKATA,
1004481,IN,A2Z Solutions,Mumbai,27
1004482,IN,A2Z Solutions,Mumbai,27
1004483,IN,A2Z Solutions,Mumbai,27
1004484,IN,A2Z Solutions,Mumbai,27
1004485,IN,A2Z Solutions,Delhi,20
1004486,IN,A2Z Solutions,Mumbai,27
1004487,IN,A2Z Solutions,Mumbai,27
1004488,IN,A2Z Solutions,Mumbai,27
1004499,IN,A2Z Solutions,Mumbai,27
1004500,IN,A2Z Solutions,Delhi,20
1004501,IN,A2Z Solutions,Mumbai,27
1004502,IN,A2Z Solutions,Mumbai,27
1004503,IN,A2Z Solutions,Delhi,20
1004504,IN,A2Z Solutions,Mumbai,27
1004508,IN,A2Z Solutions,PUNE,27
1004509,IN,A2Z Solutions,PUNE,27
1004510,IN,A2Z Solutions,PUNE,27
1004512,IN,Integrity Solutions,Mumbai,27
1004513,IN,Integrity Solutions,Delhi,26
1004516,IN,Jitender,palwal,19
1004518,IN,Jitender,palwal,19
1004519,IN,Jitender,palwal,19
1004521,IN,Jitender,palwal,19
1004522,IN,Jitender,palwal,19
1004523,IN,Jitender,palwal,19
1004524,IN,Final Account,Omaxe,06
1004526,IN,Integrity Solutions,Bangalore,29
1004527,IN,End2End testing,faridabad,06
1004528,IN,EDCONS (MKS) CASTINGS PVT. LTD.,KOLKATA,19
1004530,IN,METALINK,KOLKATA,19
1004531,IN,METALINK,Chennai,33
1004533,IN,Hell-Energy Private Limited,Mumbai,27
1004535,IN,VIKRAM INDIA LIMITED,KOLKATA,19
1004536,IN,Tricom Services,KOLKATA,19
1004537,IN,Universal Services,Mumbai,27
1004538,IN,Universal Services,Delhi,20
1004539,IN,Universal Services,Bangalore,29
1004540,IN,OOCL INDIA PRIVATE LIMITED,KOLKATA,19
1004542,IN,ALPHA CARGO CARE,Chennai,33
1004543,US,Fraunhofer-Institut für Solare Ener,Los Angeles,
1004544,IN,AXA Logistics,KOLKATA,19
1004546,IN,Dynamic SAP test,Palwal,06
1004548,IN,Test 123,BANGALORE,09
1004549,IN,Test 1,KOLKATAESER,15
1004550,IN,Test 2,Mandia,03
1004552,IN,EneroKart Private Limited,Kolkata,19
1007156,IN,EneroKart Private Limited,Kolkata,19
1007157,IN,Dynamic SAP test,Palwal,06
1007158,IN,Jitender,palwal,19
1007159,IN,Jitender,palwal,19
1007160,IN,AxSun Solar,ABC,06
1007161,IN,Ganesh Creations,Delhi,20
1007162,IN,BHARAT ENTERPRISES,KOLKATA,19
1007163,IN,MUKUL ENTERPRISES,Mumbai,27
1007164,IN,LILA HANDICRAFTS,Mumbai,27
1007165,IN,AXA Logistics,KOLKATA,19
1007166,IN,AMR Services,KOLKATA,19
1007167,IN,SAP Priyaranjan,nahi pata,19
1007168,IN,PK Energy 2.0,Bangalore,29
1007169,IN,Account Test 16032021,Bangalore,29
1007170,IN,ABC Pvt. Ltd.,Delhi,07
1007171,IN,rerssr,Dhaka,19
1007172,IN,Why Solar Test,Kolkata,19
1007173,IN,BMR Logistics,KOLKATA,19
1007174,US,Rahul Kumar,TEST STreet,
1007175,US,SAP International Module USA,New York,
1007176,GB,SAP International Module UK,New york,
1007177,DE,SAP International Module Germany,New york,
1007178,IN,MIRACLE TEA & SPICES CO.,KOLKATA,19
1007179,IN,EPC Test Account 180321,C,27
1007180,IN,Jupiter International Limited,KOLKATA,17
1007182,IN,MIRACLE SPICES COMPANY,KOLKATA,19
1007201,IN,Customer with Additional info,Gorakhpur,10
1007203,IN,Customer with Additional info,Gorakhpur,10
1007208,IN,Rahul Kumar,Kolkata,19
1007215,IN,Rahul Kumar,TEST STreet,19
1007216,IN,Customer with Additional info,Gorakhpur,10
1007217,IN,Customer with Additional info,Gorakhpur,10
1007225,IN,Customer with Additional info,Gorakhpur,10
1007226,IN,Customer with Additional info,Gorakhpur,10
1007227,IN,Customer with Additional info,Gorakhpur,10
1007228,IN,Customer with Additional info,Gorakhpur,10
1007229,IN,Customer with Additional info,Gorakhpur,10
1007230,IN,Customer with Additional info,Gorakhpur,10
1007231,IN,Customer with Additional info,Gorakhpur,10
1007232,IN,Customer with Additional info,Gorakhpur,10
1007233,IN,Customer with Additional info,Gorakhpur,10
1007234,IN,Customer with Additional info,Gorakhpur,10
1007238,IN,Customer with Additional info,Gorakhpur,10
1007239,IN,Customer with Additional info,Gorakhpur,10
1007240,IN,Customer with Additional info,Gorakhpur,10
1007241,IN,Customer with Additional info,Gorakhpur,10
1007242,IN,Customer with Additional info,Gorakhpur,10
1007243,IN,Customer with Additional info,Gorakhpur,10
1007244,IN,Customer with Additional info,Gorakhpur,10
1007245,IN,Customer with Additional info,Gorakhpur,10
1007246,IN,Customer with Additional info,Gorakhpur,10
1007247,IN,Customer with Additional info,Gorakhpur,10
1007248,IN,Customer with Additional info,Gorakhpur,10
1007249,US,SAP Billing address,zyz,
1007250,US,SAP Shipping Address,Gorakhpur,
1007251,DE,SAP Same bill/Ship,asdasd,
1007252,US,SAP Billing Address,zyz,
1007253,US,SAP Shipping Address,Gorakhpur,
1007254,US,SAP Shipping Address,Gorakhpur,
1007255,US,SAP Shipping Address,Gorakhpur,
1007256,US,SAP Shipping Address,Gorakhpur,
1007257,US,SAP Shipping Address,Gorakhpur,
1007258,US,SAP Bill Address,Gorakhpur,
1007261,IN,PANKAJ TEST,KOLKATA,19
1007262,IN,Mega Freight Forwarders,PUNE,27
1007264,IN,MODERN HIRING SERVICE,Chennai,33
1007267,CN,ZHEJIANG JIAXING TAIHE NEW ENERGY T,SHANGHAI,
1007268,IN,C_test01,Mumbai,27
1007269,IN,C_test01,KOLKATA,19
1007272,IN,VIKRAM Enterprise,Ahmedabad,24
1007273,IN,VIKRAM Enterprise,Chennai,33
1007274,IN,VIKRAM Enterprise,Bangalore,29
1007275,IN,Century Plyboards (India) Limited,KOLKATA,19
1007276,IN,Century Plyboards (India) Limited,Bikaner,08
1007277,IN,Century Plyboards (India) Limited,Mumbai,27
1007282,IN,C_Cust01,Surat,24
1007283,IN,C_Cust01,KOLKATA,19
1007290,IN,PANKAJ TEST 29TH APR 21,KOLKATA,19
1007291,IN,PANKAJ TEST 29TH APR 21,Delhi,07
1007292,IN,Perunthalaivar Kamaraj Medcial Coll,Puducherry,33
1007293,IN,kdjfh,jhgkhjhgkjhl,19
1007294,IN,kdjfh,jhgkhjhgkjhl,19
1007295,IN,kdjfh,jhgkhjhgkjhl,19
1007296,IN,Test Account 14.05.21,Kolkata,19
1007297,IN,Test Account (ship to 1) 14.05.21,Assam,18
1007298,IN,Test Account 14.05.21,Kolkata,19
1007299,IN,Test Account 14.05.21,Kolkata,19
1007300,IN,Test Account (ship to 1) 14.05.21,Assam,18
1007301,IN,Test Account (ship to 1) 14.05.21,Assam,18
1007303,IN,Test Account (ship to 1) 14.05.21,Assam,18
1007304,IN,Test Account 14.05.21,Kolkata,19
1007305,IN,Test Account 14.05.21,Kolkata,19
1007306,IN,Test Account (ship to 1) 14.05.21,Assam,18
1007308,IN,PSG Energy Group LLC,Kolkata,19
1007309,IN,PSG Energy Group LLC,Kolkata,19
1007310,IN,PSG Nirma Ltd,Kolkata,
1007800,IN,MukesH India Pvt Ltd,Kolkata,19
1007801,IN,Solar Solutions,Test Solar City,09
1007802,IN,Solar Solution New Ship,Noida,09
1007803,IN,Ship To Soloar Solutions,Test Shipping,07
1007804,IN,ABC Enterprises,Kolkata,19
1007805,IN,ABC Enterprises ST,delhi,07
1007806,IN,ABC Enterprises New,qwerty,19
1007807,IN,Test Account After Adding two field,Test Account After two fields,19
1007808,IN,Testing round Step by Step,City Test,19
1007809,IN,Testing Step by step SHipping accou,Test city SHip,09
1007810,IN,Solar Solutions East,Noida,16
1007811,IN,Solar Solutions East 2,Noida,11
1007812,IN,Solar Solutions North,Noida,09
1007813,IN,Solar Solutions North 2,Noida,05
1007814,IN,Solar Solutions South,Noida,32
1007815,IN,Solar Solutions South 2,Noida,33
1007816,IN,Solar Solutions West,Noida,27
1007817,IN,Solar Solutions West 2,Noida,24
1007818,IN,31 Jan 2022 Customer,31 Jan 2022,09
1007819,IN,31 Jan 2022 Shipping Account,31 Jan 2022 Shipping,37
1007820,IN,31 Jan Enrokart,Enrokat street,09
1007821,IN,Portlee Exports Private Limited,Kolkata,19
1007822,IN,Test 3 Feb 22,test,09
1007823,IN,Deemed Export Pvt Ltd,Kolkata,19
1007824,IN,Mind Bloing Export Ltd,Kolkata,19
1007825,IN,ABC,gdgd,21
1007826,IN,LSV Logistic Service,Kolkata,19
1007827,IN,Enrokart Pvt Ltd,Kolkata,19
1007828,IN,A S NERLEKAR,Kolkata,19
1007830,IN,The Smarter E Europe,Kolkata,19
1007831,IN,VSL Re Power,Kolkata,19
1007832,IN,SOM Corporation,Kolkata,19
1007833,IN,Omega Logistics,Kolkata,19
1007834,IN,System Integrator,Kolkata,19
1007835,US,Couillard Solar Foundation,Wisconsin,
1007836,US,Couillard Solar Foundation,Wisconsin,
1007837,IN,Shreeji Energy Solution,Surat,24
1007838,US,American Wire Group,Florida,
1007841,US,Test US,asdcas,
1007842,US,ABC Solutions,New York,
1007843,IN,Ligistic Company Pvt Ltd,Kolkata,19
1007844,IN,KUSUM INTERNATIONAL,Kolkata,19
1007845,IN,KUSUM INTERNATIONAL,Kolkata,19
1007846,US,Test US Shipping,skjcncas,
1007847,IN,KUSUM INTERNATIONAL,Kolkata,19
1007848,US,test 2,New York,NY
1007849,IN,Advance Power Products LLP,Kolkata,19
1007850,US,US Account Testing,Washington DC,DC
1007851,IN,Shetty Pvt Ltd,Kancheepuram,33
1007852,US,Anglo Solar LCC,New York,NY
1007854,IN,test KUSH,Kolkata,19
1008770,IN,Enorkart Private Limited,Kancheepuram,33
1008772,IN,EneroKart Private Limited,Howrah,19
1008773,IN,Ashdhir Creations LLP,Kolkata,19
1008775,IN,Vikram Solar Limited Store-6100,Kancheepuram,33
1008776,US,Copia Power Dev Co LLC,New York,NY
1008777,US,Atlas Solar,Arizona,AZ
1009234,IN,Enerokart Private Limited,Ahmedabad,24
1009235,IN,VP Uitilites,Kolkata,19
1009236,IN,Enerokart Private Limited,Kancheepuram,33
1009238,IN,OFB Tech Private Limited,Gurgaon,06
1009239,IN,Enerokart Private Limited,Kancheepuram,33
1009240,IE,Joule Ire,Dublin,D
1009241,IN,Purva Vashi Electricals and Service,Howrah,19
1009242,IN,Purva Vashi Electricals and Service,Kolkata,19
1009243,IN,AR Logistics,Central Delhi,07
1010100,IN, EneroKart Private Limited,Kolkata,19
1010101,IN,GIRICK SHIPPING AGENCIES PVT LTD,KOLKATA,19
1010102,IN,GIRICK SHIPPING AGENCIES PVT LTD,HOWRAH,18
1010185,IN,Enerokart Private Limited,CHENNAI,33
1010190,BR,Vikram Solar Limited,Bernardo Pinto,SP
1011484,IN,EneroKart Private Limited,Hooghly,19
1011485,IN,EneroKart Private Limited,Howrah,19
1011569,IN,EneroKart Private Limited,Gurugram,06
1011570,VN,"PIGEON LOGISTICS Co., Ltd.",Vietnam,
1011817,IN,ENEROKART PRIVATE LIMITED,Kolkata,19
1011818,IN,Vikram Solar,Kanchipuram,33
1011819,IN,Mr. Anant Gaurav,Dehradun,05
1011820,IN,Opto Marketing Co. Pvt. Ltd,Kolkata,19
1011821,IN,HINDUSTHAN NATIONAL GLASS & INDUSTR,Rishikesh,05
1011822,IN,Nexusmalls Whitefield,Erode,33
1011823,IN,Invenger Infra,Mangalore,29
1011825,IN,AKS Solar Systems Pvt. Ltd.,Sundernagar,02
1011826,IN,Vikram Solar Limited,Kanchipuram,33
1011827,IN,AB Energia Solutions,Agar Malwa,23
1011844,IN,ABC Trading Pvt Ltd,Bangalore,
1011845,IN,ABC Trading Pvt Ltd,Bangalore,29
1011846,IN,ABC Trading Pvt Ltd,Bangalore,29
1011847,IN,ABC Trading Pvt Ltd,Bangalore,29
1011848,SG,VIKRAM SOLAR PTE. LTD.,Singapore,SG
1011850,IN,ABC Trading Pvt Ltd,Bangalore,29
1011851,IN,ABC Trading Pvt Ltd,Bangalore,29
1011852,IN,ABC Trading Pvt Ltd,Bangalore,29
1011853,IN,ABC Trading Pvt Ltd,Bangalore,29
1011854,IN,ABC Trading Pvt Ltd,Bangalore,29
1011855,IN,ABC Trading Pvt Ltd,Bangalore,29
1011856,IN,ABC Trading Pvt Ltd,Bangalore,29
1011857,IN,ABC Trading Pvt Ltd,Bangalore,29
1011858,IN,ABC Trading Pvt Ltd,Bangalore,29
1011859,IN,ABC Trading Pvt Ltd,Bangalore,29
1011860,IN,ABC Trading Pvt Ltd,Bangalore,29
1011861,IN,ABC Trading Pvt Ltd,Bangalore,29
1011862,IN,ABC Trading Pvt Ltd,Bangalore,29
1011863,IN,ABC Trading Pvt Ltd,Bangalore,29
1011864,IN,ABC Trading Pvt Ltd,Bangalore,29
1011865,IN,ABC Trading Pvt Ltd,Bangalore,29
1011866,IN,ABC Trading Pvt Ltd,Bangalore,29
1011868,IN,viki ai - billing 1,Chennai,33
1011869,IN,VIki,Chennai,33
1011870,IN,VIki,Chennai,12
1011871,IN,VIki,Chennai,12
1011872,IN,VIki,Chennai,12
1011873,IN,VIki,Chennai,12
1011874,IN,VIki,Chennai,12
1011875,IN,VIki,Chennai,12
1011876,IN,VIki,Chennai,12
1011877,IN,VIki,Chennai,12
1011878,IN,VIki,Chennai,12
1011879,IN,VIki,Chennai,12
1011880,IN,VIki,Chennai,12
1011881,IN,VIki - billing 1,Chennai,12
1011882,IN,VIki,Chennai,12
1011883,IN,VIki - billing 1,Chennai,12
1011884,IN,VIki,Chennai,12
1011885,IN,VIki - billing 1,Chennai,12
1011886,IN,VIki - shipping 2,Chennai,31
1011887,IN,VIki,Chennai,12
1011889,IN,Vikranat - shipping 1,Chennai,11
1011890,IN,Vikranat,Chennai,11
1011891,IN,Vikranat - shipping 1,Chennai,11
1011892,IN,Vikranat,Chennai,11
1011893,IN,Vikranat - shipping 1,Chennai,11
1011894,IN,Vikranat,Chennai,11
1011895,IN,Vikranat - shipping 1,Chennai,11
1011896,IN,Vikranat,Chennai,11
1011897,IN,Vikranat - shipping 1,Chennai,11
1011898,IN,Vikranat,Chennai,11
1011899,IN,Vikranat - shipping 1,Chennai,11
1011900,IN,Vikranat,Chennai,11
1011901,IN,Vikranat - shipping 1,Chennai,11
1011902,IN,Vikranat,Chennai,11
1011903,IN,Vikranat - shipping 1,Chennai,11
1011904,IN,Vikranat,Chennai,11
1011905,IN,Vikranat - shipping 1,Chennai,11
1011906,IN,Vikranat,Chennai,11
1011907,IN,Vikranat - billing 2,Chennai,11
1011908,IN,Vikranat - shipping 1,Chennai,11
1011909,IN,Vikranat,Chennai,11
1011910,IN,Viki - shipping 1,Chennai,33
1011911,IN,Viki,Chennai,33
1011912,IN,Viki - shipping 1,Chennai,33
1011913,IN,Viki,Chennai,33
1011914,IN,Viki - shipping 1,Chennai,33
1011915,IN,Viki,Chennai,33
1011916,IN,Viki - shipping 1,Chennai,33
1011917,IN,Viki,Chennai,33
1011918,IN,Viki - shipping 1,Chennai,33
1011919,IN,Viki,Chennai,33
1011920,IN,Viki - shipping 1,Chennai,33
1011921,IN,Viki,Chennai,33
1011922,IN,Viki - shipping 1,Chennai,33
1011923,IN,Viki,Chennai,33
1011924,IN,Darshan - shipping 1,Chennai,33
1011925,IN,Darshan,Chennai,33
1011926,IN,Darshan - shipping 1,Chennai,33
1011927,IN,Darshan,Chennai,33
1011928,IN,Darshan Hegde,Chennai,33
1011929,IN,DarshanHegde-shipping2,Chennai,33
1011930,IN,DarshanHegde-shipping1,Chennai,33
1011931,IN,DarshanHegde,Chennai,33
1011932,IN,Demo,Chennai,33
1011933,IN,Demo-shipping1,Chennai,33
1011934,IN,Demo-billing2,Chennai,33
1011935,IN,Demo,Chennai,33
1011936,IN,Viki-2-shipping1,New Delhi,07
1011937,IN,Viki-2,New Delhi,07
1011938,IN,dars-shipping1,Chennai,33
1011939,IN,dars,Chennai,33
1011940,IN,Darshan-shipping1,Chennai,33
1011941,IN,Darshan,Chennai,33
ABFL,IN,Aditya Birla Finance Limited,Mumbai,27
ALLB BANK,IN,Allahabad Bank,Kolkata,71
CNRTEST,IN,Canara Bank,Kolkata,71
CNRTEST7,IN,Punjab National Bank,Kolkata,71
IDBI BANK,IN,IDBI Bank Ltd.,Kolkata,71
PL1001,IN,Vikram Solar Limited,Falta,70
PL1002,IN,Vikram Solar Limited,Hooghly,19
PL1003,IN,Vikram Solar Limited,Kolkata,19
PL1004,IN,Vikram Solar Limited,Madanapalle Chittoor,37
PL1005,IN,Vikram Solar Limited,South 24 Parganas,19
PL1006,IN,Vikram Solar Limited,Howrah,19
PL1007,IN,Vikram Solar Limited,Surat,24
PL1008,IN,Vikram Solar Limited,Gurgaon,06
PL1009,IN,Vikram Solar Limited,Bengaluru,29
PL1010,IN,Vikram Solar Limited,Karipur,32
PL1011,IN,Vikram Solar Limited,Thane,27
PL1012,IN,Vikram Solar Limited,Indore,23
PL1013,IN,Vikram Solar Limited,Jajpur,21
PL1014,IN,Vikram Solar Limited,"Jodhan,Ludhiana",03
PL1015,IN,Vikram Solar Limited,Kanchipuram,33
PL1016,IN,Vikram Solar Limited,Ranga Reddy,36
PL1017,IN,Vikram Solar Limited,Vallam,33
PL1018,IN,Vikram Solar Limited,Ghaziabad,09
PL1020,IN,Vikram Solar Limited,Kanchipuram,33
PL1021,IN,Vikram Solar Limited,Chennai,33
PL1022,IN,Vikram Solar Limited ODM-3,Falta,70
PL1023,IN,Vikram Solar Limited ODM-4,CHENNAI,33
PL1024,IN,Vikram Solar Limited,Falta,19
PL1025,IN,Vikram Solar Limited,Falta,70
PL1026,IN,Vikram Solar Limited ODM-7,CHENNAI,33
PL1027,IN,Vikram Solar Limited-ODM8,Falta,70
PL1032,IN,EPC Rajastan,Jaipur,08
PL1033,IN,VIKRAM SOLAR LIMITED,MUMBAI,27
PL1034,IN,Vikram Solar Limited,Ghaziabad,09
PL1503,IN,TamilNadu Warehouse unit,Sriperumdur,33
PL2000,IN,Vikram Solar Limited,Falta,19
PL2001,IN,Vikram Solar Limited,Chittoor,37
PL2002,IN,Vikram Solar Limited,Kamrup,18
PL2003,IN,Vikram Solar Limited,Raipur,22
PL2004,IN,Vikram Solar Limited,New Delhi,07
PL2005,IN,Vikram Solar Limited,Surat,24
PL2006,IN,Vikram Solar Limited,Gurgaon,06
PL2007,IN,Vikram Solar Limited,Bangalore,29
PL2008,IN,Vikram Solar Limited,Karipur,32
PL2009,IN,Vikram Solar Limited,Pune,27
PL2010,IN,Vikram Solar Limited,Indore,23
PL2011,IN,Vikram Solar Limited,Jajpur,21
PL2012,IN,Vikram Solar Limited,Punjab,03
PL2013,IN,Vikram Solar Limited,Jaipur,08
PL2014,IN,Vikram Solar Limited,Ranga Reddy,36
PL2015,IN,Vikram Solar Limited,Chennai,33
PL2016,IN,Vikram Solar Limited,Ghaziabad,09
PL2017,IN,Vikram Solar Limited,Hooghly,19
PL2021,IN,EPC Rajastan,Jaipur,08
PL2022,IN,PL2022,PL2022,
PL2023,IN,VIKRAM SOLAR LIMITED,Ghaziabad,09
PL3002,IN,EneroKart Private Limited,Kolkata,19
PL3009,IN,EneroKart Private Limited,"Dasanapura Hobli, Bengaluru (Bangal",29
PL3011,IN,EneroKart Private Limited,"Bhiwandi, Thane,",27
PL3015,IN,Enorkart Private Limited,Kancheepuram,33
PL3018,IN,EneroKart Private Limited,"Tehsil Modinagar,",08
PL3303,IN,EneroKart Private Limited - WB,Howrah,19
PL3304,IN,EneroKart Private Limited,Hoogly,19
PL3305,IN,EneroKart Private Limited,Howrah,19
PL3306,IN,ENEROKART PRIVATE LIMITED,Gurugram,06
PL3315,IN,Enorkart Private Limited,Kancheepuram,33
PL3320,IN,EneroKart Private Limited,Kolkata,19
PL5001,IN,VIKRAM SOLAR LIMITED,Kolkata,19
PLDE01,DE,Vikram Solar Energy Solutions Gmbh,Berlin,11
PLUS01,US,"Vikram Solar Limited, Module Sales-",Fremont,CA
PLUS02,US,"Vikram Solar Limited, Module Sales-",New Jersey,NJ
